"time","xS","xI","xV","xR","xC","xF","xJ","R_t","date"
0,99998,2,0,0,0.45,0,0,2.47398220958738,2020-01-02
1,99798.2553836848,2.2928655263921,199.237937427721,0.21381336108675,0.496176927200695,0.507638793707929,4741.42949982532,2.26180284353638,2020-01-02
2,99600.0016122138,2.57641018870671,396.967373172873,0.454604424658657,0.537204000378396,1.03484962158918,9919.26421667344,2.07323889621402,2020-01-03
3,99403.2350362167,2.84438199968499,593.199691416858,0.72089036682174,0.572916567703094,1.57411726848115,15480.7648511416,1.90895540777885,2020-01-04
4,99207.95044888,3.09266007344125,787.946205696607,1.01068534994523,0.603551741705273,2.11953973158353,21373.7149046728,1.7677999404906,2020-01-05
5,99014.1411309809,3.31900688489151,981.218155564648,1.32170656948785,0.629570723922111,2.66678327586646,27549.5206764041,1.6476146594545,2020-01-06
6,98821.7990816942,3.52266961645871,1173.02670369567,1.65154499370932,0.651526231729139,3.21285284400868,33964.7471957214,1.54583926810637,2020-01-07
7,98630.9153083777,3.70396461275471,1363.38293369926,1.99779331031828,0.669978411592802,3.75580401621215,40581.5759375137,1.45989152314565,2020-01-08
8,98441.4801025835,3.86391504473446,1552.29784865131,2.35813372049999,0.685449009956522,4.29446891064571,47367.6236162105,1.38737321510463,2020-01-09
9,98253.4832709945,4.00396605146255,1739.78237024062,2.73039271340966,0.698401095290735,4.82822712047291,54295.4404053737,1.32616009260237,2020-01-10
10,98066.9143145174,4.12577619481444,1925.84733839412,3.11257089367983,0.709233898695716,5.356828355883,61341.8882589803,1.27442343384401,2020-01-11
11,97881.762560412,4.23107321774211,2110.50351125234,3.50285511790919,0.71828561779439,5.88026186288953,68487.5121216174,1.23061584061519,2020-01-12
12,97698.0172563399,4.32155950599268,2293.7615653904,3.89961876368369,0.725839795371866,6.39866372188668,75715.9597682785,1.19344115532228,2020-01-13
13,97515.6676354204,4.39885387979837,2475.63209620502,4.30141449469175,0.732132808872276,6.91225293758381,83013.472436297,1.16181962436402,2020-01-14
14,97334.7029600775,4.46445887304444,2656.12561841008,4.70696263914146,0.737361208685451,7.42128854723382,0,1.13485397052592,2020-01-15
15,97155.1125507874,4.51974528577076,2835.25256660059,5.11513732599364,0.741688338788435,7.92604165118842,7402.63767624236,1.1117988881249,2020-01-16
16,96976.8858042896,4.5659480487775,3013.02329585753,5.52495180392,0.745250050086938,8.42677781762742,14844.6215361035,1.09203477656223,2020-01-17
17,96800.0122045682,4.60416920258148,3189.44808237467,5.93554385435951,0.748159505993001,8.9237465727096,22318.8794860348,1.07504568062382,2020-01-18
18,96624.4813289468,4.63538510403632,3364.5371240959,6.34616185316417,0.750511164381521,9.41717564747988,29819.3746383833,1.06040103114548,2020-01-19
19,96450.2828509353,4.66045591718727,3538.30054135444,6.75615179303093,0.752384049345902,9.90726835729937,37340.9351455365,1.04774065383055,2020-01-20
20,96277.4065409638,4.68013610899171,3710.74837750931,7.16494541780459,0.753844428067376,10.394202994344,44879.1136852745,1.03676251055746,2020-01-21
21,96105.8422657782,4.6950851301411,3881.8905995761,7.57204951544665,0.7549479977935,10.8781334697865,52430.0711847429,1.02721268800891,2020-01-22
22,95935.5799870236,4.70587777504989,4051.73709885013,7.97703635109318,0.755741673321301,11.3591906908047,59990.480348828,1.01887721728181,2020-01-23
23,95766.6097593694,4.71301392650804,4220.29769152134,8.37953518264261,0.756265050377648,11.8374843296604,67557.4453870038,1.01157537800633,2020-01-24
24,95598.9217284087,4.71692753084864,4387.58211928041,8.77922477995153,0.756551606606998,12.3131047604926,75128.435016739,1.00515420382628,2020-01-25
25,95432.5061284838,4.71799474094295,4553.60004991624,9.17582685891688,0.756629690122341,12.7861250204209,82701.2263781856,0.999483960283508,2020-01-26
26,95267.3532805332,4.71654122243137,4718.36107790496,9.56910033934289,0.756523335813274,13.2566027065102,90273.85794401,0.994454411034401,2020-01-27
27,95103.4535900172,4.71284865411446,4881.87472499078,9.95883633771677,0.756252941660548,13.7245817571363,97844.5898690312,0.989971724786201,2020-01-28
28,94940.7975449559,4.70716047381224,5044.15044075915,10.3448538109551,0.755835830918673,14.1900940908874,0,0.985955904612702,2020-01-29
29,94779.3757140924,4.69968693137218,5205.19760320243,10.7269957735771,0.755286720928442,14.6531610922326,7562.43759396498,0.982338644654703,2020-01-30
30,94619.1787451888,4.69060951437905,5365.0255192789,11.105126017779,0.754618115264532,15.1137949434592,15118.7761923474,0.97906153776687,2020-01-31
31,94460.1973634503,4.6800848118464,5523.64342546468,11.4791262730308,0.753840632698304,15.5719998086962,22667.8752280373,0.976074572417151,2020-02-01
32,94302.4223700728,4.66824787844192,5681.06048829984,11.8488937486958,0.752963283894903,16.0277728794957,30208.692084376,0.973334868851737,2020-02-02
33,94145.844640904,4.65521515758219,5837.2858049285,12.2143390097019,0.751993704719792,16.4811052933094,37740.2672115486,0.970805613879618,2020-02-03
34,93990.4551252086,4.6410870168628,5992.32840363301,12.5753841412598,0.750938353400334,16.9319829369091,45261.7113901249,0.96845516108012,2020-02-04
35,93836.2448445285,4.62594994415275,6146.19724436309,12.9319611640702,0.749802677480467,17.3803871467581,52772.1948109567,0.966256269215611,2020-02-05
36,93683.2048916261,4.60987844760839,6298.90121925966,13.2840106663335,0.748591255454801,17.826295317849,60270.9376945234,0.964185456442601,2020-02-06
37,93531.3264295047,4.59293669802172,6450.44915317371,13.6314806232283,0.747307917118739,18.2696814317606,67757.2022173221,0.96222245180387,2020-02-07
38,93380.6006904935,4.57517994741219,6600.84980418036,13.9743253783602,0.745955845981669,18.7105165138017,75230.2855496909,0.960349728642388,2020-02-08
39,93231.0189753925,4.55665575365055,6750.11186408838,14.3125047650678,0.744537666528352,19.1487690281669,82689.5138400198,0.958552107153416,2020-02-09
40,93082.5726526688,4.53740503718145,6898.24395894518,14.6459833484321,0.743055518653674,19.5844052190996,90134.2370057893,0.956816415400804,2020-02-10
41,92935.2531576982,4.51746299258326,7045.2546495375,14.9747297714233,0.741511121217916,20.0173894051692,97563.8242131714,0.955131199858771,2020-02-11
42,92789.0519920463,4.49685987474976,7191.15243188777,15.2987161908696,0.739905826357773,20.4476842329365,0,0.953486477973312,2020-02-12
43,92643.9607227856,4.47562167687135,7335.94573774635,15.6179177908922,0.73824066592996,20.8752508955217,7397.48062554443,0.951873526425317,2020-02-13
44,92499.9709818415,4.4537707151056,7479.64293507991,15.9323123631432,0.736516391249484,21.3000493209039,14778.011402337,0.950284699765205,2020-02-14
45,92357.0744653667,4.43132613282241,7622.25232855545,16.2418799446584,0.734733507105468,21.7220383341638,22141.0038441177,0.948713274913854,2020-02-15
46,92215.2629331379,4.40830433556706,7763.78216002073,16.5466025054025,0.732892300887708,22.141175797335,29485.8734048621,0.947153317714001,2020-02-16
47,92074.5282079737,4.38471936636192,7904.24060898075,16.8464636786847,0.730992867531294,22.5574187300492,36812.0374324792,0.945599568296051,2020-02-17
48,91934.8621751709,4.36058322965234,8043.63579307049,17.1414485285724,0.729035130881056,22.9707234137384,44118.9133536235,0.944047342509014,2020-02-18
49,91796.2567819554,4.33590617105939,8181.97576852384,17.4315433492432,0.727018861988443,23.3810454817836,51405.917056452,0.94249244707828,2020-02-19
50,91658.7040369497,4.31069691911509,8319.26853063891,17.7167354919264,0.724943694778249,23.7883399976848,58672.4614428866,0.940931106498854,2020-02-20
51,91522.1960096499,4.28496289430214,8455.52201423967,17.9970132156879,0.722809139458941,24.1925615230401,65917.9551259982,0.939359899966439,2020-02-21
52,91386.7248299166,4.2587103899839,8590.74409413408,18.2723655588402,0.720614593996457,24.5936641768869,73141.801251584,0.937775706897649,2020-02-22
53,91252.2826874736,4.23194472917555,8724.94258556851,18.5427822282055,0.718359353925565,24.9916016877452,80343.3964259761,0.936175659801987,2020-02-23
54,91118.8618314163,4.20467040056003,8858.12524467884,18.8082535038541,0.716042620734069,25.3863274395242,87522.1297346609,0.934557103447792,2020-02-24
55,90986.4545697277,4.17689117668136,8990.29976893788,19.0687701572699,0.71366350902212,25.777794512299,94677.3818384734,0.932917559417268,2020-02-25
56,90855.053268802,4.1486102168427,9121.47379759951,19.3243233811861,0.711221052610839,26.1659557188321,0,0.931254695275792,2020-02-26
57,90724.6503529739,4.11983015688748,9251.6549121392,19.5749047295824,0.708714209750577,26.5507636375981,7106.39384649542,0.929566297691761,2020-02-27
58,90595.2383040537,4.09055318774237,9380.85063669152,19.8205060665476,0.706141867558819,26.9321706429747,14187.389820857,0.92785024893804,2020-02-28
59,90466.8096608685,4.06078112434282,9509.06843848368,20.0611195228991,0.70350284580058,27.3101289331822,21242.3270337073,0.92610450628663,2020-02-29
60,90339.3570188071,4.03051546634116,9636.31572826638,20.2967374596063,0.700795900109318,27.6845905564767,28270.5324703486,0.924327083877889,2020-03-01
61,90212.8730293695,3.99975745180618,9762.5998607409,20.5273524372061,0.698019724734131,28.0555074360492,35271.3203635201,0.922516036704208,2020-03-02
62,90087.3503997208,3.96850810496072,9887.92813498315,20.7529571905159,0.695172954888392,28.4228313940275,42243.9915915768,0.920669446399056,2020-03-03
63,89962.7818922482,3.93676827886303,10012.3077948643,20.9735446080515,0.692254168766151,28.7865141749392,49187.8330984464,0.918785408565493,2020-03-04
64,89839.1603241216,3.90453869381803,10135.7460294684,21.1891077156485,0.689261889285155,29.1465074689532,56102.117332341,0.916862021415531,2020-03-05
65,89716.478566857,3.87181997220093,10258.2499735064,21.3996396638609,0.686194585609143,29.5027629351913,62986.1017007527,0.914897375523631,2020-03-06
66,89594.7295458829,3.83861267028786,10379.8267077274,21.6051337187791,0.683050674496893,29.8552322253785,69839.0280397907,0.91288954452506,2020-03-07
67,89473.906240109,3.8049173076121,10500.4832593268,21.8055832559664,0.679828521521307,30.2038670080723,76660.1220962989,0.910836576613373,2020-03-08
68,89354.0016814973,3.77073439429993,10620.2266023506,22.0009817572653,0.67652644219837,30.5486189937061,83448.593021704,0.908736486711778,2020-03-09
69,89235.0089546354,3.73606445678453,10739.063658097,22.1913228102684,0.673142703063153,30.8894399606594,90203.6328768549,0.906587249210588,2020-03-10
70,89116.9211963113,3.70090806224893,10857.0012955156,22.3766001102893,0.669675522727959,31.2262817825648,0,0.904386791178279,2020-03-11
71,88999.7315950907,3.66526584210884,10974.0463316021,22.5568074646993,0.66612307295623,31.5590964570487,6685.68312294783,0.902132985966826,2020-03-12
72,88883.4333908942,3.62913851481114,11090.2055317911,22.7319387995314,0.662483479784765,31.8878361360994,13335.4040230701,0.899823647143752,2020-03-13
73,88768.0198745779,3.59252690819459,11205.4856103451,22.9019881682751,0.658754824726467,32.2124531582573,19948.2816620433,0.89745652269294,2020-03-14
74,88653.4843875137,3.5554319816343,11319.8932307414,23.0669497628128,0.654935146085389,32.5329000828102,26523.415599562,0.895029289436105,2020-03-15
75,88539.8203211703,3.5178548481697,11433.4350060546,23.2268179264664,0.651022440416414,32.8491297261869,33059.8855684336,0.892539547633865,2020-03-16
76,88427.0211166963,3.47979679679774,11546.1174993372,23.3815871691474,0.647014664162331,33.1610952007351,39556.7510651269,0.889984815733165,2020-03-17
77,88315.0802645024,3.44125931509729,11657.9472239974,23.5312521846144,0.642909735502033,33.4687499560776,46013.0509577203,0.887362525234119,2020-03-18
78,88203.9913038449,3.40224411233734,11768.9306441725,23.6758078698634,0.638705536444776,33.7720478232369,52427.8031135356,0.884670015655417,2020-03-19
79,88093.7478224088,3.36275314320999,11879.0741751008,23.8152493466871,0.634399915206927,34.0709430617279,58800.0040490971,0.881904529583158,2020-03-20
80,87984.3434558915,3.32278863231923,11988.3841834903,23.9495719854549,0.629990688909376,34.365390409816,65128.6286054328,0.879063207793319,2020-03-21
81,87875.7718875854,3.28235309954748,12096.8669878834,24.0787714311759,0.625475646635753,34.6553451381469,71412.62965212,0.876143084443428,2020-03-22
82,87768.0268479606,3.24144938641403,12204.5288590205,24.2028436319194,0.620852552893772,34.940763106954,77650.9378238966,0.87314108233414,2020-03-23
83,87661.1021142475,3.20008068353198,12311.3760201989,24.3217848696766,0.616119151524406,35.2216008270555,83842.4612940891,0.870054008246689,2020-03-24
84,87554.9915100167,3.15825055926339,12417.4146476297,24.435591793759,0.611273170106134,35.4978155248554,0,0.866878548367513,2020-03-25
85,87449.6889047607,3.11596298966515,12522.6508707924,24.5442614568351,0.606312324904157,35.7693652115661,6094.58786287651,0.863611263816894,2020-03-26
86,87345.1882134708,3.07322238981153,12627.0907727852,24.6477913537164,0.601234326417151,36.0362087568704,12138.9791645911,0.860248586304427,2020-03-27
87,87241.4833962163,3.03003364657098,12730.7403906735,24.7461794630116,0.596036885577226,36.2983059672455,18131.9908787704,0.856786813939752,2020-03-28
88,87138.5684577192,2.98640215290763,12833.6057158355,24.8394242917728,0.590717720661068,36.5556176691647,24072.4171195204,0.853222107234446,2020-03-29
89,87036.4374469279,2.94233384376818,12935.6926943044,24.9275249232637,0.585274564973487,36.8081057973947,29959.0292526793,0.849550485337069,2020-03-30
90,86935.0844565895,2.89783523360458,13037.0072271083,25.0104810679847,0.579705175366894,37.0557334886017,35790.5760880284,0.845767822551539,2020-03-31
91,86834.5036228189,2.85291345557153,13137.5551706069,25.0882931180923,0.574007341662738,37.298465180468,41565.7841611557,0.841869845196892,2020-04-01
92,86734.6891246657,2.8075763024239,13237.3423368259,25.1609622053529,0.56817889704296,37.5362667165156,47283.3581143298,0.837852128875404,2020-04-02
93,86635.6351836797,2.76183226912352,13336.3744937879,25.2284902627706,0.562217729481175,37.7691054568158,52941.9811864334,0.833710096225424,2020-04-03
94,86537.3360634711,2.7156905971467,13434.6573658411,25.2908800900304,0.556121794284341,37.9969503947468,58540.3158227059,0.829439015245524,2020-04-04
95,86439.7860692709,2.66916132046299,13532.1966339853,25.3481354228903,0.549889127815958,38.2197722799396,64077.004415755,0.825033998287446,2020-04-05
96,86342.9795474859,2.62225531313113,13628.9979361939,25.4002610066557,0.543517862471267,38.4375437475216,69550.670190008,0.820490001826949,2020-04-06
97,86246.9108852522,2.57498433843094,13725.066867735,25.4472626738576,0.537006242973144,38.6502394537354,74959.9182424663,0.815801827134043,2020-04-07
98,86151.5745099855,2.52736109941793,13820.4089814883,25.4891474262484,0.530352644054302,38.8578362179678,0,0.810964121977029,2020-04-08
99,86056.9648889277,2.47939929075141,13915.0297882597,25.5259235212128,0.523555589586666,39.0603131711751,5276.16162718031,0.805971383508386,2020-04-09
100,85963.0765286918,2.43111365160702,14008.9347570934,25.5576005626761,0.516613773212091,39.2576519106325,10483.6250998029,0.80081796249465,2020-04-10
101,85869.9039748028,2.38252001943675,14102.1293155807,25.5841895965668,0.509526080519838,39.4498366608708,15620.9370255411,0.795498069066491,2020-04-11
102,85777.4418112377,2.33363538429173,14194.6188501666,25.605703210869,0.502291612804483,39.636854440583,20686.6339276563,0.790005780180129,2020-04-12
103,85685.6846599622,2.28447794336315,14286.4087064536,25.6221556402629,0.494909712423759,39.8186952351984,25679.2445276303,0.784335048994961,2020-04-13
104,85594.6271804667,2.23506715533616,14377.5041895021,25.6335628753193,0.487379989757899,39.9953521747196,30597.2922893872,0.778479716386311,2020-04-14
105,85504.2640692998,2.18542379408227,14467.9105641294,25.6399427761674,0.479702351750601,40.1668217163075,35439.2982410483,0.772433524824833,2020-04-15
106,85414.5900596029,2.13557000114187,14557.6330552049,25.6413151905063,0.471877031986104,40.3331038309713,40203.7840898335,0.766190134865427,2020-04-16
107,85325.5999206444,2.08552933636843,14646.676847943,25.6377020757725,0.463904622226763,40.4942021935846,44889.2756451165,0.75974314449771,2020-04-17
108,85237.2884573546,2.03532682602092,14735.0470881937,25.6291276252119,0.455786105300547,40.6501243752947,49494.3065637193,0.753086111616457,2020-04-18
109,85149.6505098644,1.98498900750147,14822.7488827301,25.6156183975288,0.44752288918785,40.8008820372276,54017.4224302264,0.746212579873255,2020-04-19
110,85062.6809530465,1.93454396984222,14909.7872995335,25.5972034497052,0.439116842111632,40.9464911242126,58457.1851833709,0.739116108168775,2020-04-20
111,84976.3746960618,1.88402138895011,14996.1673680763,25.5739144724921,0.430570328384156,41.0869720570621,62812.1778973379,0.731790304037751,2020-04-21
112,84890.726681913,1.83345255652284,15081.894079602,25.5457859279745,0.421886244707523,41.2223499217411,0,0.724228861164656,2020-04-22
113,84805.7318870069,1.78287040145549,15166.9723874027,25.5128551885041,0.413068056564107,41.3526546535541,4181.31247536994,0.7164256012461,2020-04-23
114,84721.3853207261,1.73230950246922,15251.4072070948,25.4751626761805,0.404119834267496,41.4779212142689,8273.7841877618,0.708374520384576,2020-04-24
115,84637.6820250154,1.68180609060824,15335.2034168916,25.4327520019303,0.39504628817478,41.5981897598751,12276.1378036447,0.700069840157177,2020-04-25
116,84554.6170739818,1.63139804018839,15418.3658578744,25.3856701031149,0.385852802489879,41.7135057964798,16187.1464385715,0.691506063448524,2020-04-26
117,84472.1855735137,1.58112484671986,15500.8993342607,25.33396737845,0.376545467013892,41.8239203216319,20005.6405565694,0.682678035072083,2020-04-27
118,84390.3826609198,1.53102759029777,15582.8086136706,25.2776978188911,0.367131106126886,41.9294899481924,23730.5151738042,0.673581007123467,2020-04-28
119,84309.2035045919,1.48114888294625,15664.0984273917,25.2169191329939,0.357617304216709,42.0302770077047,27360.7373349756,0.664210708915199,2020-04-29
120,84228.643303695,1.43153279842654,15744.7734706411,25.1516928651241,0.348012426707898,42.1263496300971,30895.353822723,0.654563421233288,2020-04-30
121,84148.6972878856,1.38222478308262,15824.8384028262,25.0820845047571,0.338325635790836,42.2177817964636,34333.4990515838,0.644636054532322,2020-05-01
122,84069.3607170641,1.33327154640392,15904.2978478041,25.0081635849881,0.328566899911581,42.3046533616391,37674.4030888306,0.634426230548472,2020-05-02
123,83990.6288811629,1.2847209301401,15983.1563941383,24.9300037682614,0.318746996060523,42.3870500433138,40917.3997349955,0.623932366660339,2020-05-03
124,83912.497099972,1.23662175501275,16061.4185953554,24.8476829172417,0.308877503897364,42.4650633745389,44061.9345872436,0.613153762168441,2020-05-04
125,83834.9607230074,1.18902364433643,16139.0889701992,24.7612831486824,0.298970790775386,42.5387906166542,47107.5729992382,0.602090685498779,2020-05-05
126,83758.0151294229,1.14197682419058,16216.1720028844,24.6708908681126,0.289039986783684,42.6083346299524,0,0.590744461168661,2020-05-06
127,83681.6557279393,1.09553190047924,16292.6721433761,24.5765967837649,0.279098949104503,42.6738037004677,2847.05912028653,0.579117555118096,2020-05-07
128,83605.8779569288,1.04973961186603,16368.5938075643,24.4784958947813,0.269162214592968,42.7353113176854,5594.71238568149,0.567213657278128,2020-05-08
129,83530.6772844311,1.0046505620952,16443.9413775504,24.3766874561037,0.259244940781251,42.7929759072749,8243.07819198445,0.555037759170892,2020-05-09
130,83456.0492081705,0.960314932386783,16518.7192019795,24.2712749173697,0.249362834838138,42.8469205171829,10792.4293308662,0.542596225013732,2020-05-10
131,83381.9892558086,0.916782173477388,16592.9315961893,24.1623658283485,0.23953206960904,42.8972724505544,13243.1980729493,0.529896855137194,2020-05-11
132,83308.4929851082,0.874100683700465,16666.5828424909,24.0500717167973,0.229769188080324,42.9441628552417,15595.9803575153,0.516948939016568,2020-05-12
133,83235.5559841734,0.832317474551199,16739.6771904178,23.9345079339052,0.220090996235811,42.9877262674461,17851.5389673402,0.503763296557324,2020-05-13
134,83163.1738717312,0.7914778280983,16812.2188569731,23.8157934672771,0.210514445297408,43.0281001133049,20010.8055781055,0.490352305798449,2020-05-14
135,83091.3422974493,0.751624950791545,16884.2120268784,23.6940507211426,0.201056504575661,43.0654241723828,22074.8815820635,0.476729915424239,2020-05-15
136,83020.0569422861,0.712799628716427,16955.6608528209,23.5694052639513,0.19173402650291,43.099840008004,24045.0375996348,0.462911640676283,2020-05-16
137,82949.3135188647,0.675039889759085,17026.5694557011,23.4419855440396,0.182563605754882,43.1314903703068,25922.7116100239,0.448914541523964,2020-05-17
138,82879.1077718667,0.638380678440206,17096.9419248798,23.3119225746079,0.173561434670785,43.1605185787553,27709.5056525523,0.434757182280847,2020-05-18
139,82809.4354784353,0.602853549332456,17166.7823184252,23.179349589822,0.164743157441693,43.1870678915836,29407.1810738508,0.420459572239123,2020-05-19
140,82740.292448581,0.568486384972656,17236.0946633592,23.044401674423,0.156123725736915,43.2112808702434,0,0.406043087324835,2020-05-20
141,82671.6745255819,0.535303144003812,17304.8829559038,22.9072153698013,0.147717258564996,43.2332987473295,1525.32699283232,0.391530373238999,2020-05-21
142,82603.5775863686,0.503323644917429,17373.151161726,22.7679282599799,0.139536909203976,43.253260806626,2967.70611933996,0.376945231029899,2020-05-22
143,82535.9975418843,0.472563390246158,17440.9032161835,22.6266785415466,0.131594741995723,43.2713037840001,4329.45995629095,0.362312486512023,2020-05-23
144,82468.9303374145,0.443033435313783,17508.143024568,22.4836045818024,0.123901621633633,43.2875612974169,5613.02581326916,0.347657845408384,2020-05-24
145,82402.3719528765,0.414740304813129,17574.8744623484,22.3388444699117,0.11646711734924,43.3021633140449,6820.94324342643,0.333007736493941,2020-05-25
146,82336.3184030617,0.387685959467767,17641.1013754127,22.1925355659649,0.10929942406133,43.3152356615854,7955.84067925984,0.318389145371045,2020-05-26
147,82270.7657378246,0.361867813946038,17706.8275803081,22.0448140530322,0.10240530214602,43.3268995900779,9020.42137179086,0.303829441775726,2020-05-27
148,82205.710042216,0.337278806043734,17772.0568644804,21.8958144972951,0.0957900370146456,43.3372713893356,10017.4488257087,0.289356203492344,2020-05-28
149,82141.1474365517,0.313907515984944,17836.7929865108,21.7456694212504,0.0894574191719266,43.3464620659408,10949.7319323652,0.274997040032575,2020-05-29
150,82077.0740764197,0.291738333552022,17901.0396763518,21.5945088947594,0.0834097448906256,43.3545770824211,11820.110006559,0.260779419209751,2020-05-30
151,82013.4861526219,0.270751669688493,17964.8006355597,21.4424601484004,0.0776478371035692,43.3617161598737,12631.4379317242,0.246730499612735,2020-05-31
152,81950.3798910513,0.250924208262248,18028.079537527,21.2896472131583,0.0721710856016522,43.3679731439682,13386.5716115542,0.23287697176166,2020-06-01
153,81887.7515525067,0.23222919286481,18090.8800277103,21.1361905899819,0.0669775051581472,43.3734359329686,14088.3539145942,0.219244910422522,2020-06-02
154,81825.5974324472,0.214636742882186,18153.2057238575,20.9822069521662,0.0620638097931196,43.3781864652329,0,0.205859640183992,2020-06-03
155,81763.9138606916,0.198114192615344,18215.0602162326,20.8278088829157,0.0574255010601006,43.3823007626104,603.489870766292,0.192745615976196,2020-06-04
156,81702.6972010685,0.182626447021887,18276.4470678346,20.6731046496369,0.053056967998926,43.3858490251606,1161.94904292523,0.179926319755511,2020-06-05
157,81641.9438510153,0.168136347454607,18337.3698146205,20.5181980163154,0.0489515962225065,43.3888957722311,1678.04309226814,0.167424174118766,2020-06-06
158,81581.6502411448,0.154605041142616,18397.8319657198,20.3631880938923,0.0451018835763128,43.391500023887,2154.36690907348,0.155260473146343,2020-06-07
159,81521.8128347742,0.141992348225421,18457.8370036485,20.208169228721,0.0414995597946759,43.3937155168907,2593.43641684227,0.143455330350297,2020-06-08
160,81462.4281274297,0.13025712074877,18517.388384521,20.053230928126,0.0381357076992716,43.3955909489832,2997.6814967662,0.132027643208076,2020-06-09
161,81403.4926463302,0.119357588555779,18576.4895382592,19.898457821717,0.0350008836442595,43.397170245358,3369.44012227649,0.1209950734243,2020-06-10
162,81345.0029498567,0.10925168767876,18635.1438687986,19.7439296566326,0.0320852351342424,43.3984928413964,3710.95368556658,0.110374041781975,2020-06-11
163,81286.9556270147,0.0998973675618327,18693.3547542928,19.5897213244963,0.0293786138020386,43.3995939760546,4024.36347851952,0.100179736226613,2020-06-12
164,81229.3472968927,0.0912528741990678,18751.1255473152,19.4359029175627,0.0268706822201286,43.4005049907168,4311.70827375891,0.0904261316725632,2020-06-13
165,81172.174608123,0.0832770070293073,18808.4595750583,19.2825398112973,0.0245510133190486,43.4012536288325,4574.92293777268,0.0811260199283138,2020-06-14
166,81115.4342383497,0.0759293481624872,18865.3601395313,19.1296927704793,0.0224091814856497,43.4018643322092,4815.83799729416,0.0722910481019481,2020-06-15
167,81059.122893706,0.0691704632022489,18921.8305177546,18.9774180758338,0.0204348447034508,43.4023585304161,5036.18007231308,0.0639317638631399,2020-06-16
168,81003.2373083042,0.0629620735595976,18977.8739619537,18.8257676681839,0.0186178173676318,43.4027549203412,0,0.0747435546617291,2020-06-17
169,80947.7741397923,0.0573672062896047,19033.4936984247,18.6747945763574,0.0169774787250687,43.4031750254928,177.872038332904,0.0649010741951401,2020-06-18
170,80892.7303028038,0.0522198075790146,19088.6929317719,18.5245456163749,0.0154659223814367,43.403505507339,339.990339190828,0.0557279915604829,2020-06-19
171,80838.1026088192,0.0474922771440318,19143.474840972,18.3750579312985,0.0140756249343767,43.4037621460374,487.605133741866,0.0472328391622102,2020-06-20
172,80783.8878958914,0.0431575220185143,19197.8425809566,18.2263656296426,0.0127991202633229,43.4039584916662,621.891645082488,0.0394231635837061,2020-06-21
173,80730.0830281932,0.0391891385980062,19251.7992827972,18.0784998705506,0.0116290634456262,43.4041061064071,743.950989300683,0.0323055770733545,2020-06-22
174,80676.684895584,0.035561562943441,19305.3480538879,17.9314889647836,0.0105582848554901,43.4042147915876,854.811666043291,0.0258858116982322,2020-06-23
175,80623.6904131944,0.0322501913601249,19358.4919781255,17.7853584883346,0.00957983489610213,43.4042927985285,955.431542815488,0.0201687747324872,2020-06-24
176,80571.096521031,0.0292314735479967,19411.2341160893,17.640131405715,0.00868701994756812,43.4043470226348,1046.70024216098,0.0151586040626937,2020-06-25
177,80518.9001836005,0.0264829807996675,19463.5775052181,17.495828200225,0.00787343020805147,43.4043831805827,1129.44184720053,0.0108587226031927,2020-06-26
178,80467.098389553,0.0239834518188007,19515.5251599861,17.3524670087908,0.00713296016757526,43.4044059708086,1204.41784811673,0.0072718909145892,2020-06-27
179,80415.6881513444,0.0217128187539524,19567.0800720773,17.210063759233,0.00645982248701325,43.4044192177864,1272.33025975568,0.0044002574036728,2020-06-28
180,80364.666504917,0.0196522160035945,19618.2452105587,17.0686323081031,0.00584855606303262,43.4044260007969,1333.82484830172,0.00224540565015765,2020-06-29
181,80314.0305093967,0.0177839742582486,19669.0235220513,16.928184577491,0.00529402904743318,43.4044287680577,1389.49441274307,0.000808398552999019,2020-06-30
182,80263.7772468076,0.0160916021165761,19719.4179309006,16.7887306894612,0.00479143756059199,43.4044294371894,0,8.98191160625964e-05,2020-07-01
183,80213.9038218002,0.0145597574515179,19769.4313393451,16.6502790970095,0.0043363007967191,43.4044294830667,45.602460670684,8.9807799777529e-05,2020-07-02
184,80164.4073613957,0.0131742105441696,19819.0666276829,16.5128367106422,0.00392445317411749,43.404430014129,86.8731960793274,0.000808096453016677,2020-07-03
185,80115.2850147399,0.0119218007551738,19868.3266544392,16.3764090199097,0.00355203411052697,43.4044318382341,124.225559394266,0.00224403890917449,2020-07-04
186,80066.5339528718,0.0107903884087451,19917.2142565302,16.241000209343,0.00321547597353775,43.4044355191068,158.035772032318,0.00439663838396366,2020-07-05
187,80018.1513685015,0.00976880327107233,19965.7322494266,16.1066132684601,0.0029114906666379,43.4044414244023,188.645787231172,0.00726457185168248,2020-07-06
188,79970.1344757979,0.00884679087892303,20013.8834273155,15.9732500956059,0.0026370552702107,43.4044497663458,216.366014338582,0.0108462116035572,2020-07-07
189,79922.4805101845,0.00801495777546093,20061.6705632621,15.8409115955191,0.00238939709381703,43.4044606358473,241.477896287783,0.0151396442081521,2020-07-08
190,79875.1867281442,0.00726471654676566,20109.0964093685,15.7095977706158,0.00216597844329861,43.404474030921,264.23633593276,0.02014268710157,2020-07-09
191,79828.2504070296,0.00658823139925853,20156.163696933,15.5793078060595,0.00196448135648248,43.4044898801694,284.871969700204,0.0258529030359313,2020-07-10
192,79781.6688448796,0.0059783648791517,20202.8751366067,15.450040148755,0.00178279251588719,43.4045080620175,303.59328932217,0.0322676126099322,2020-07-11
193,79735.4393602431,0.00542862621053008,20249.2334185501,15.3217925804548,0.00161898850600953,43.404528420313,320.588614289592,0.0393839050964702,2020-07-12
194,79689.5592920054,0.00493312161865636,20295.2412125877,15.1945622852085,0.00147132154655865,43.40455077684,336.027919157747,0.0471986477705599,2020-07-13
195,79644.0259992198,0.00448650690910906,20340.9011683618,15.0683459114129,0.00133820580129377,43.4045749412297,350.064520986236,0.055708493926996,2020-07-14
196,79598.8368609435,0.00408394249070581,20386.2159154853,14.9431396287428,0.00121820433469938,43.4046007186924,0,0.0649098897622655,2020-07-15
197,79553.9892760781,0.00372105095938032,20431.1880636906,14.8189391802615,0.00111001676518725,43.4046279159389,11.6321585396313,0.074799080279747,2020-07-16
198,79509.4806632046,0.00339387730519653,20475.8202029881,14.6957399299747,0.00101246764496337,43.4046563456094,22.2365295554661,0.0853721143616134,2020-07-17
199,79465.3084604385,0.00309885174443695,20520.1149038035,14.5735369062133,0.000924495576897431,43.4046858294837,31.9141032571698,0.0966248491360004,2020-07-18
200,79421.47012527,0.0028327551591731,20564.0747171338,14.4523248410261,0.000845143071284236,43.4047162007065,40.7557832130128,0.108552953753038,2020-07-19
201,79377.9631344152,0.00259268707548835,20607.7021746918,14.332098205959,0.000773547128769203,43.4047473052238,48.8433777893306,0.121151912670161,2020-07-20
202,79334.7849836671,0.002376036099618,20650.9997890523,14.2128512444642,0.00070893053098825,43.404779002597,56.2505009579149,0.134417028534183,2020-07-21
203,79291.9331877494,0.00218045270915622,20693.9700537966,14.0945780012131,0.000650593812906708,43.4048111663332,63.043389439168,0.148343424736117,2020-07-22
204,79249.4052801712,0.00200382428428144,20736.6154436559,13.9772723485689,0.00059790788638292,43.4048436838466,69.2816428490875,0.162926047704152,2020-07-23
205,79207.1988130833,0.00184425225552931,20778.938414654,13.8609280104582,0.000550307281287809,43.4048764561461,75.0188931963325,0.178159668990796,2020-07-24
206,79165.3113571361,0.00170003123984636,20820.9414042487,13.7455385838672,0.000507283968510315,43.4049093973248,80.3034097280134,0.194038887201719,2020-07-25
207,79123.7405013396,0.00156963003482895,20862.6268314722,13.6310975581766,0.00046838172816305,43.4049424339147,85.1786447603196,0.210558129806419,2020-07-26
208,79082.483852923,0.00145167434160836,20903.9970970701,13.5175983325281,0.00043319102607803,43.4049755041568,89.6837257615139,0.227711654864324,2020-07-27
209,79041.5390371976,0.00134493108928026,20945.05458364,13.4050342314076,0.000401344362086596,43.4050085572248,93.8538985872701,0.245493552694208,2020-07-28
210,79000.9036974189,0.00124829423766288,20985.8016557683,13.2933985186118,0.000372512054478312,43.4050415524341,0,0.263897747509951,2020-07-29
211,78960.5754946732,0.00116077194056134,21026.2406601451,13.1826844098176,0.000346398426419446,43.4050744584604,3.5925220928415,0.282917999041436,2020-07-30
212,78920.5521076559,0.00108147495441924,21066.3739257857,13.0728850835097,0.000322738360748725,43.4051072525833,6.93637643820674,0.302547904155506,2020-07-31
213,78880.8312326678,0.00100960619267245,21106.2037640346,12.9639936913648,0.000301294194022577,43.4051399199715,10.0548894443889,0.322780898489615,2020-08-01
214,78841.4105833962,0.000944451317206078,21145.7324687855,12.856003366917,0.000281852917910061,43.4051724530159,12.9691363092081,0.343610258106953,2020-08-02
215,78802.2878908044,0.000885370280626497,21184.9623165917,12.7489072335849,0.00026422366259373,43.4052048507191,15.6981747590064,0.365029101180858,2020-08-03
216,78763.4609030013,0.000831789730267912,21223.8955667971,12.6426984117684,0.000248235435927962,43.4052371181448,18.259254933469,0.387030389713768,2020-08-04
217,78724.9273851124,0.000783196194623478,21262.5344616661,12.5373700251692,0.000233735094952784,43.4052692659291,20.6680078419154,0.409606931294706,2020-08-05
218,78686.6851191504,0.000739129978822548,21300.8812265131,12.4329152064171,0.000220585528083919,43.4053013098554,22.9386146047752,0.432751380897932,2020-08-06
219,78648.7319038879,0.000699179701926463,21338.9380698303,12.3293271020727,0.000208664028091962,43.4053332704931,25.0839584861769,0.456456242724401,2020-08-07
220,78611.0655547306,0.000662977414684545,21376.7071834148,12.2265988770748,0.000197860837702593,43.4053651729004,27.1157615333604,0.480713872086728,2020-08-08
221,78573.6839035917,0.000630194241955277,21414.1907424953,12.1247237186906,0.000188077851281439,43.4053970463886,29.0447074651789,0.505516477337668,2020-08-09
222,78536.5847987667,0.000600536499242426,21451.3909058568,12.0236948400237,0.000179227457611583,43.4054289243502,30.8805522943761,0.530856121841483,2020-08-10
223,78499.7661048098,0.000573742237719579,21488.3098159649,11.9235054831269,0.000171231510222249,43.4054608441478,32.6322240257294,0.556724725987032,2020-08-11
224,78463.2257024104,0.000549578176724813,21524.9495990897,11.8241489217653,0.000164020413089252,43.4054928470653,0,0.583114069240983,2020-08-12
225,78426.9614883731,0.000527836987836934,21561.3123653258,11.7256184641718,0.000157532311045218,43.4055249783202,1.6072388221942,0.610015792239701,2020-08-13
226,78390.9713750893,0.000508334892854737,21597.400209122,11.6279074540093,0.000151712373695943,43.405557287138,3.1529783458089,0.637421398913897,2020-08-14
227,78355.2532910277,0.000490909559270318,21633.2152087888,11.5310092741321,0.000146512167977726,43.4055898268922,4.64365315577427,0.665322258651949,2020-08-15
228,78319.8051802072,0.000475418250979114,21668.7594270277,11.4349173470876,0.000141889106770887,43.4056226553081,6.08524317121462,0.693709608487219,2020-08-16
229,78284.6250021801,0.000461736224795107,21704.0349109469,11.3396251369585,0.000137805970776034,43.4056558347372,7.48332963601351,0.722574555314368,2020-08-17
230,78249.7107319144,0.000449755348631017,21739.0436921797,11.2451261507375,0.000134230496465819,43.4056894325045,8.8431466853492,0.751908078127254,2020-08-18
231,78215.0603596766,0.000439382926143094,21773.7877870011,11.1514139395631,0.000131135025589458,43.4057235213343,10.1696291030108,0.781701030274479,2020-08-19
232,78180.6718909155,0.000430540714627794,21808.2691964441,11.0584820998387,0.000128496212298355,43.4057581798616,11.4674568646866,0.811944141727513,2020-08-20
233,78146.5433461471,0.00042316412572694,21842.4899064147,10.9663242742529,0.000126294784784433,43.4057934932374,12.7410970272343,0.842628021355631,2020-08-21
234,78112.6727608394,0.000417201601231277,21876.4518878064,10.8749341527206,0.000124515359137583,43.4058295538377,13.9948434969312,0.873743159201167,2020-08-22
235,78079.0581852993,0.000412614159015385,21910.1570966134,10.7843054732631,0.000123146303945231,43.4058664620889,15.2328551908434,0.905279928747614,2020-08-23
236,78045.6976845586,0.000409375106940912,21943.6074740435,10.6944320228438,0.000122179654992357,43.4059043274242,16.4591930948322,0.937228589171973,2020-08-24
237,78012.5893382623,0.0004074699254868,21976.8049466297,10.6053076381762,0.000121611080291467,43.405943269388,17.677856719627,0.96957928757151,2020-08-25
238,77979.7312405564,0.000406896322969957,22009.7514263409,10.5169262065231,0.000121439896597239,43.4059834189107,0,1.00232206115336,2020-08-26
239,77947.1215001437,0.000407664471502446,22042.448810525,10.4292816669973,0.000121669139837718,43.4060249197779,1.21524994507192,1.03544683937545,2020-08-27
240,77914.7582395051,0.000409797429143268,22074.8989826882,10.3423680094124,0.000122305691090592,43.4060679303188,2.43482162305405,1.06894344601219,2020-08-28
241,77882.6395957941,0.000413331777039524,22107.103811596,10.2561792781394,0.000123360466696593,43.4061126253627,3.66283937853716,1.10280160115335,2020-08-29
242,77850.7637200565,0.000418318473150243,22139.0651520539,10.1707095710616,0.000124848672982801,43.4061591984863,4.90355792834414,1.13701092307857,2020-08-30
243,77819.1287772897,0.000424823961532713,22170.7848448451,10.0859530411078,0.000126790137224758,43.4062078646144,6.16140685406397,1.17156093000845,2020-08-31
244,77787.7329463341,0.000432931563371333,22202.2647168368,10.0019038974021,0.000129209722654299,43.4062588630272,7.44103881343376,1.20644104169062,2020-09-01
245,77756.574419765,0.000442743189784738,22233.5065810851,9.91855640655889,0.000132137839453127,43.4063124608444,8.74738237112998,1.24164058078606,2020-09-02
246,77725.651403785,0.000454381424379041,22264.5122369394,9.83590489415503,0.000135611066036176,43.4063689570682,10.0857004779895,1.27714877401164,2020-09-03
247,77694.962118116,0.000467992034053914,22295.2834701455,9.75394374641834,0.000139672898070684,43.4064286872841,11.4616557859717,1.31295475298643,2020-09-04
248,77664.5047958918,0.000483746979192581,22325.8220529489,9.67266741217619,0.000144374646438315,43.4064920291361,12.8813841788715,1.34904755471815,2020-09-05
249,77634.2776835505,0.000501848009558294,22356.1297441962,9.59207040511601,0.000149776509876949,43.4065594087178,14.3515781328146,1.3854161216537,2020-09-06
250,77604.2790407261,0.000522530950571677,22386.2082894364,9.5121473064185,0.000155948853504477,43.4066313080469,15.8795818044073,1.42204930120123,2020-09-07
251,77574.5071401404,0.00054607080688962,22416.0594210208,9.43289276783538,0.000162973731056365,43.4067082738255,17.4735000885181,1.45893584461199,2020-09-08
252,77544.9602674935,0.000572787837256343,22445.6848582031,9.35430151529663,0.000170946696724845,43.4067909277293,0,1.49606440508595,2020-09-09
253,77515.6367214297,0.000603054788946056,22475.0863071618,9.2763683533711,0.000179978962717187,43.406879978522,1.75375341001563,1.53342353493665,2020-09-10
254,77486.5348131232,0.000637305510958341,22504.2654614017,9.19908816936553,0.000190199967827921,43.406976236333,3.60366013617541,1.57100168160856,2020-09-11
255,77457.6528666192,0.000676045242761871,22533.2240013948,9.12245594055103,0.000201760445446136,43.4070806295645,5.56234252225418,1.60878718231187,2020-09-12
256,77428.9892184151,0.000719862889403618,22561.9635949817,9.04646674022695,0.000214836083555557,43.4071942249005,7.64405171023343,1.64676825695631,2020-09-13
257,77400.5422174181,0.000769445714861949,22590.4858973899,8.97111574618484,0.000229631905335268,43.4073182510833,9.8649384747129,1.68493299902419,2020-09-14
258,77372.3102248236,0.000825596950108797,22618.7925513288,8.89639825048348,0.000246387518147822,43.4074541272156,12.2433720355845,1.72326936392018,2020-09-15
259,77344.2916139883,0.000889256935466112,22646.8851870836,8.82230967106633,0.000265383415300099,43.4076034965295,14.8003164569444,1.7617651542341,2020-09-16
260,77316.4847702979,0.000961528556754666,22674.7654226079,8.74884556559479,0.000286948556527009,43.4077682667715,17.5597762512947,1.80040800121901,2020-09-17
261,77288.8880910287,0.00104370791002815,22702.4348636154,8.67600164795107,0.000311469505186087,43.4079506586139,20.5493253184763,1.83918534161976,2020-09-18
262,77261.4999851992,0.00113732134772027,22729.8951036714,8.60377380796488,0.000339401464838716,43.4081532638245,23.8007364404343,1.87808438877882,2020-09-19
263,77234.3188734121,0.0012441703307486,22757.1477242825,8.53215813504077,0.000371281638444571,43.4083791153241,27.3507323677898,1.91709209668427,2020-09-20
264,77207.3431876821,0.00136638585036428,22784.1942949855,8.46115094651592,0.000407745433869663,43.4086317717647,31.2418842504206,1.95619511529567,2020-09-21
265,77180.571371248,0.0015064946078584,22811.0363734355,8.39074882176703,0.000449546164953561,43.4089154198766,35.5236890058213,1.99537973506953,2020-09-22
266,77154.0018783648,0.00166749967188819,22837.6755054921,8.32094864331991,0.000497579054483366,43.409234998613,0,2.03463181808383,2020-09-23
267,77127.6331740769,0.00185297900241321,22864.1132252974,8.2517476465316,0.000552910542900185,43.4095963500939,5.24604574293908,2.07393671250051,2020-09-24
268,77101.4637339236,0.00206720605511822,22890.3510553905,8.18314347961341,0.000616814149506358,43.4100064035446,11.0871284128389,2.11327914627827,2020-09-25
269,77075.492043682,0.00231529777647628,22916.3905067433,8.11513427671621,0.000690814455395566,43.4104734000253,17.6163652297485,2.15264309497171,2020-09-26
270,77049.7165989851,0.00260339656323795,22942.2330788716,8.04771874654069,0.00077674114761527,43.4110071675533,24.9435954422692,2.19201161714856,2020-09-27
271,77024.1359049187,0.00293889450421591,22967.8802599061,7.98089628047801,0.000876795574514524,43.411619458756,33.1987527228749,2.23136664922755,2020-09-28
272,76998.7484755376,0.00333071030242613,22993.3335266671,7.91466708468594,0.000993632868289616,43.4123243661734,42.5359780929677,2.27068874940527,2020-09-29
273,76973.5528332875,0.00378963196523575,23018.5943447384,7.84903234179832,0.00113046347159004,43.4131388341994,53.1386475545917,2.30995677760235,2020-09-30
274,76948.5475083131,0.00432874173010102,23043.6641685355,7.78399440935959,0.00129117888136108,43.4140832915014,65.2255316330478,2.34914749489408,2020-10-01
275,76923.7310376207,0.00496394396416108,23068.5444413712,7.7195570638619,0.00148050764933368,43.4151824338791,79.0583580682716,2.38823506149811,2020-10-02
276,76899.1019640607,0.00571462216393972,23093.2365955154,7.65572580151151,0.00170420921423467,43.4164661952495,94.9511166817912,2.42719040683522,2020-10-03
277,76874.6588350829,0.00660445796697391,23117.7420522492,7.5925082096858,0.00196931505713209,43.4179709541649,113.281530431542,2.46598043816911,2020-10-04
278,76850.4002012087,0.00766245360906934,23142.0622219109,7.52991442661185,0.00228442905050632,43.4197410355004,134.505223058113,2.50456704552272,2020-10-05
279,76826.3246141453,0.00892420991937907,23166.1985039333,7.4679577112898,0.00266010180405748,43.4218305822613,159.173246598742,2.54290584956661,2020-10-06
280,76802.4306244542,0.0104335251978982,23190.1522868691,7.40665515132477,0.00310929738784367,43.4243058915662,0,1.9357084691581,2020-10-07
281,76778.7175732317,0.0114738333977302,23213.9249611356,7.34599179913668,0.00341879200909316,43.426440910257,38.8593201564674,1.96441776556744,2020-10-08
282,76755.1835139747,0.0126540496320183,23237.5178873371,7.28594463833847,0.00376979390994889,43.4288267429116,81.0163992643206,1.99294851210857,2020-10-09
283,76731.8270577403,0.0139954144010415,23260.9324233494,7.22652349576434,0.00416857280396896,43.4314996615049,126.916876134503,2.02127580781131,2020-10-10
284,76708.646820259,0.0155227190079208,23284.169916618,7.16774040375184,0.00462243700855953,43.4345017864887,177.074143251479,2.04937194545222,2020-10-11
285,76685.64142089,0.0172649343135786,23307.2317042096,7.10960996583261,0.00513991423934817,43.4378821013445,232.080612814676,2.07720589559498,2020-10-12
286,76662.8094814017,0.0192559535836113,23330.1191128568,7.05214978751925,0.00573096411338518,43.4416976496755,292.620945211949,2.10474269489314,2020-10-13
287,76640.1496245477,0.0215354694594471,23352.8334589985,6.9953809839845,0.00640722750962544,43.4460149472681,359.487582356154,2.1319427219671,2020-10-14
288,76617.660472402,0.0241500080266391,23375.3760488112,6.93932877846833,0.00718231851205111,43.4509116466345,433.598982636573,2.15876084192772,2020-10-15
289,76595.3406444126,0.0271541460188465,23397.7481782333,6.88402320757339,0.00807216516619648,43.4564784970693,516.021014112415,2.18514539843499,2020-10-16
290,76573.1887551278,0.0306119402054172,23419.9511329794,6.82949995221903,0.00909540562153426,43.462821649017,607.992026780002,2.21103703028795,2020-10-17
291,76551.2034115401,0.0345986006684438,23441.9861885428,6.77580131589738,0.0102738462722914,43.4700653572489,710.952190997711,2.23636728830537,2020-10-18
292,76529.3832099968,0.0392024415174685,23463.8546101863,6.72297737495282,0.0116329880450571,43.4783551424647,826.577753486572,2.26105702823563,2020-10-19
293,76507.7267326109,0.0445271429137051,23485.5576529169,6.67108732877367,0.0132026257227577,43.4878614746445,956.820918328612,2.28501455744452,2020-10-20
294,76486.2325431176,0.0506943560492011,23507.0965614451,6.62020108084048,0.0150175227361042,43.498784042556,0,2.3081335183457,2020-10-21
295,76464.8991821141,0.0578466765156153,23528.4725701247,6.57040108422033,0.0171181596560621,43.5113566705292,166.677188547171,2.33029050156249,2020-10-22
296,76443.7251616426,0.0661509989410223,23549.6869028714,6.52178448664277,0.0195515478706229,43.5258529328737,355.983151402054,2.35134239905232,2020-10-23
297,76422.7089590829,0.0758022454140967,23570.7407730605,6.47446561077619,0.0223720900763768,43.5425924967829,571.511015480589,2.37112353387383,2020-10-24
298,76401.8490103729,0.0870274255882883,23591.6353833992,6.42857880197005,0.0256424543467068,43.5619481867985,817.43856006689,2.38944264439607,2020-10-25
299,76381.1437026168,0.100089937462074,23612.3719257757,6.38428166969059,0.0294344086954426,43.5843537092957,1098.61510914866,2.40607985766634,2020-10-26
300,76360.5913662332,0.115293945419607,23632.9515810853,6.34175873576438,0.0338295359243522,43.6103118900437,1420.65625056418,2.42078386631567,2020-10-27
301,76340.1902669066,0.132988573936092,23653.3755190374,6.30122548164809,0.0389197142454085,43.6404031588553,1790.04464464285,2.4332696271534,2020-10-28
302,76319.9385977692,0.153571526170635,23673.6448979495,6.26293275476235,0.0448072077196091,43.6752938537749,2214.23383733611,2.4432170289669,2020-10-29
303,76299.8344724369,0.177491575735135,23693.7608645394,6.22717144757616,0.0516041643242536,43.7157437094267,2701.75020436589,2.4502711272569,2020-10-30
304,76279.8759197757,0.205249192282552,23713.724553732,6.19427729972873,0.0594312739035983,43.7626116421065,3262.28589924343,2.4540447011101,2020-10-31
305,76260.0608815435,0.237394362750974,23733.5370885021,6.16463559117455,0.0684153034412434,43.816858661468,3906.77301177809,2.45412402475927,2020-11-01
306,76240.3872143298,0.274520491390282,23753.1995797848,6.13868539358886,0.0786852188953201,43.8795464568102,4647.42624654854,2.45007881796219,2020-11-02
307,76220.8526974259,0.317253154890924,23772.7131264863,6.11692293262768,0.0903666430855978,43.9518299812119,5497.73867357833,2.44147727933905,2020-11-03
308,76201.4550483371,0.366232528142169,23792.0788156386,6.09990349589141,0.103574513317207,44.0349422739347,0,2.4279068340073,2020-11-04
309,76182.1919474701,0.422088572224738,23811.2977227376,6.08824121963187,0.118404013482606,44.1301699305658,1114.79809503751,2.4090006610949,2020-11-05
310,76163.0610729919,0.485408678393616,23830.3709123003,6.08260602917236,0.134920172285089,44.2388181685465,2386.29170687061,2.38446916152977,2020-11-06
311,76144.0601458632,0.556698444768582,23849.2994386619,6.08371702989852,0.153146921885462,44.3621654345759,3831.50659341165,2.35413431570393,2020-11-07
312,76125.1869836124,0.636337594457765,23868.084347011,6.09233178199759,0.173056835542882,44.5014089632917,5467.45896034433,2.31796352871338,2020-11-08
313,76106.4395596339,0.724534567060955,23886.7266746257,6.10923117321112,0.19456309747481,44.6576044974303,7310.59914852047,2.27609838346,2020-11-09
314,76087.8160630165,0.821284713728744,23905.2274522397,6.1352000298477,0.217515361092775,44.8316052033087,9376.19312103722,2.22887315092451,2020-11-10
315,76069.3149525466,0.926337874270095,23923.5877054339,6.17100414502242,0.241700896913211,45.0240062061014,11677.6880244093,2.17681836178132,2020-11-11
316,76050.93499811,1.039180987614,23941.8084559262,6.21736497603549,0.266851771698015,45.2351016234676,14226.1191368264,2.12064644148256,2020-11-12
317,76032.6753035706,1.1590400347762,23959.8907226363,6.27493375812644,0.292657821894227,45.4648601321009,17029.6182305664,2.06121918529176,2020-11-13
318,76014.5353073759,1.2849031216085,23977.8355224232,6.34426707919872,0.318784112185407,45.7129229234357,20093.0756020866,1.9995000980364,2020-11-14
319,75996.5147602433,1.4155633502508,23995.6438704382,6.42580596824185,0.344890703915697,45.9786247718996,23417.9903053215,1.93649746285328,2020-11-15
320,75978.6136826164,1.54967705073547,24013.3167800918,6.51986024101958,0.370652158156458,46.2610355684642,27002.5189078195,1.87320560029754,2020-11-16
321,75960.8323073308,1.68583071575015,24030.8552626832,6.62659927020099,0.395774374210247,46.5590168795292,30841.7077426224,1.81055169528366,2020-11-17
322,75943.1710144884,1.8226091127419,24048.26032678,6.74604961880534,0.420007033056579,46.8712865005419,0,1.74935393395404,2020-11-18
323,75925.6302656827,1.95865762446093,24065.5329774525,6.87809924031158,0.443150845940382,47.1964838154129,4323.20479642985,1.69029411217199,2020-11-19
324,75908.2105436296,2.0927335700899,24082.6742154634,7.0225073368735,0.465059727526919,47.5332298565199,8871.7864265689,1.63390514777933,2020-11-20
325,75890.9123014175,2.22374352515216,24099.6850364944,7.17891856291686,0.485638708246439,47.8801778123398,13632.8796585008,1.58057172081403,2020-11-21
326,75873.7359235302,2.35076591222076,24116.5664304676,7.34688008990586,0.504838774931987,48.2360518001726,18592.9044866866,1.5305409351876,2020-11-22
327,75856.6816989722,2.47305995350314,24133.3193809907,7.5258600834904,0.522649898161251,48.5996735634774,23737.9918650343,1.48393946322948,2020-11-23
328,75839.749805479,2.59006325768774,24149.9448649339,7.71526632940391,0.539093353966446,48.9699781084575,29054.3353631617,1.44079389525855,2020-11-24
329,75822.9403030013,2.7013808551215,24166.4438521302,7.9144640132482,0.554214182293455,49.3460200955869,34528.4661434565,1.40105167755785,2020-11-25
330,75806.2531343407,2.8067685220183,24182.8173051845,8.12279195272742,0.56807433440457,49.7269731148381,40147.4556209396,1.36460081743283,2020-11-26
331,75789.688130856,2.90611292070661,24199.0661793672,8.33957685607322,0.580746804568581,50.112123930269,45899.0543625981,1.33128727807707,2020-11-27
332,75773.245021416,2.99941059573669,24215.1914225761,8.56414541214683,0.592310844883838,50.5008635217083,51771.7776993007,1.30092958221162,2020-11-28
333,75756.9234431257,3.08674733375636,24231.1939753446,8.79583419589369,0.602848230064469,50.8926763967833,57754.9488006318,1.27333056478098,2020-11-29
334,75740.7229527169,3.16827890137137,24247.0747708836,9.03399749795982,0.612440462647741,51.2871292784446,63838.7092086581,1.24828647661129,2020-11-30
335,75724.6430378269,3.24421376249034,24262.8347351444,9.27801326602788,0.621166774512246,51.6838599404778,70014.0055296388,1.22559377708165,2020-12-01
336,75708.6831276612,3.31479805851642,24278.474786893,9.52728738711684,0.629102773992926,52.082566688823,0,1.20505400212632,2020-12-02
337,75692.8426027472,3.38030290682428,24293.9958377914,9.78125655433339,0.636319597814664,52.4829987748473,6334.26760937675,1.18647708702278,2020-12-03
338,75677.1208036402,3.44101392185134,24309.3987924808,10.0393899569279,0.642883445217419,52.8849478729963,12737.391840871,1.16968348632673,2020-12-04
339,75661.5170385485,3.49722277238221,24324.6845486628,10.3011900160945,0.648855392521133,53.2882406500201,19203.152135584,1.15450538313677,2020-12-05
340,75646.0305899116,3.54922054245949,24339.8539971799,10.5661923658202,0.654291406764699,53.6927323854521,25725.9131041867,1.14078722718493,2020-12-06
341,75630.6607200078,3.59729264804145,24354.9080220915,10.8339652524037,0.659242495233264,54.0983015635678,32300.5740902654,1.12838579216863,2020-12-07
342,75615.4066756862,3.64171506642965,24369.8475007469,11.1041085001796,0.663754943052159,54.5048453372099,38922.5207030258,1.11716989991533,2020-12-08
343,75600.267692326,3.68275165242506,24384.6733038549,11.3762521663533,0.667870603480289,54.912275757289,45587.5790141213,1.10701992336057,2020-12-09
344,75585.2429971263,3.72065233845833,24399.3862955496,11.6500549854407,0.671627215344412,55.3205166635688,52291.9728107386,1.09782715163714,2020-12-10
345,75570.3318118208,3.75565204168593,24413.9873334531,11.9252026840515,0.675058729596305,55.7295011390891,59032.2840808918,1.08949307805307,2020-12-11
346,75555.5333549072,3.78797012676665,24428.477268736,12.2014062297484,0.678195632656964,56.1391694398884,65805.4167564712,1.08192865440796,2020-12-12
347,75540.8468434647,3.81781029724889,24442.8569461744,12.4784000633377,0.681065258417956,56.5494673219965,72608.5636383362,1.07505354198871,2020-12-13
348,75526.2714946314,3.84536081041837,24457.1272042059,12.7559403519997,0.683692083831066,56.9603446979933,79439.176362567,1.06879537981582,2020-12-14
349,75511.8065267965,3.87079492974833,24471.2888749826,13.0338032908651,0.686098005206891,57.3717545651909,86294.9382278634,1.06308908353212,2020-12-15
350,75497.4511605578,3.89427154571831,24485.3427844233,13.3117834727147,0.688302593879855,57.7836521563838,0,1.05787618312243,2020-12-16
351,75483.2046194866,3.91593590985574,24499.289752264,13.5896923391476,0.690323330951421,58.1959942719983,6899.91658547524,1.05310420393732,2020-12-17
352,75469.0661307325,3.93592043863683,24513.1305921069,13.8673567215545,0.692175821526587,58.6087387593431,13819.1891151746,1.04872609288415,2020-12-18
353,75455.0349255008,3.95434555360071,24526.8661114688,14.144617476369,0.693873989306339,59.02184411056,20756.2059058511,1.04469968986124,2020-12-19
354,75441.1102394232,3.97132053201348,24540.4971118283,14.42132821606,0.695430252670948,59.4352691558717,27709.4868567788,1.04098724330301,2020-12-20
355,75427.2913128435,3.98694434884145,24554.0243886721,14.6973541351218,0.696855683529245,59.8489728329455,34677.6692035387,1.03755496794389,2020-12-21
356,75413.5773910338,4.00130649598343,24567.4487315411,14.9725709286635,0.698160150267307,60.2629140167069,41659.494779751,1.03437264243952,2020-12-22
357,75399.9677243555,4.01448776882307,24580.7709240752,15.2468638000326,0.699352446127619,60.6770513968617,48653.7986344295,1.03141324423798,2020-12-23
358,75386.461568375,4.02656101340633,24593.9917440581,15.5201265531216,0.700440404310125,61.0913433928039,55659.4988657617,1.02865261899583,2020-12-24
359,75373.0581839441,4.03759183007762,24607.1119634609,15.7922607645019,0.701431001023362,61.5057480975776,62675.5875447286,1.02606918183765,2020-12-25
360,75359.7568372517,4.04763923135581,24620.1323484862,16.0631750302612,0.702330447637102,61.9202232441923,69701.1226138872,1.0236436478298,2020-12-26
361,75346.5567998528,4.05675625331097,24633.0536596109,16.3327842823143,0.703144273004731,62.3347261889276,76735.2206577357,1.02135878915361,2020-12-27
362,75333.4573486805,4.06499052080663,24645.8766516291,16.6010091689915,0.703877396938447,62.7492139073507,83777.0504513422,1.01919921660385,2020-12-28
363,75320.4577660428,4.07238476777798,24658.602073694,16.8677754948234,0.704534195736572,63.1636429996543,90825.8272033247,1.01715118319199,2020-12-29
364,75307.5573396099,4.07897731428623,24671.2306693605,17.1330137146369,0.705118560581705,63.5779697026412,0,1.01520240779302,2020-12-30
365,75294.755362393,4.08480250247343,24683.7631766266,17.3966584773075,0.705633949552224,63.9921499062583,7060.47689033399,1.0133419169329,2020-12-31
366,75282.0511327165,4.08989109378511,24696.2003279744,17.6586482147753,0.706083433918685,64.4061391730514,14125.7762833402,1.0115599029676,2021-01-01
367,75269.4439541857,4.09427062995535,24708.5428504115,17.9189247722203,0.706469739330558,64.8198927592912,21195.2529610715,1.00984759705325,2021-01-02
368,75256.9331356518,4.09796576030215,24720.7914655117,18.177433075564,0.706795282438852,65.233365636811,28268.2873909363,1.0081971554445,2021-01-03
369,75244.5179911737,4.10099853786045,24732.946889455,18.4341208327637,0.707062203444406,65.6465125148471,35344.2828013897,1.00660155779053,2021-01-04
370,75232.1978399789,4.10338868682342,24745.009833068,18.6889382656353,0.707272395011709,66.0592878613567,42422.6625646121,1.00505451621855,2021-01-05
371,75219.972006423,4.10515384366868,24756.9810018635,18.9418378692141,0.707427527942432,66.4716459234399,49502.8678518403,1.00355039410735,2021-01-06
372,75207.839819949,4.10630977423229,24768.8610960803,19.1927741959151,0.707529073961593,66.8835407466089,56584.3555307415,1.00208413355696,2021-01-07
373,75195.8006150465,4.10687056886475,24780.6508107221,19.4417036620009,0.707578325932131,67.2949261927435,63666.5962775632,1.00065119065548,2021-01-08
374,75183.853731211,4.10684881766776,24792.3508355967,19.688584374087,0.707576415780043,67.7057559566361,70749.0728797779,0.999247477731107,2021-01-09
375,75171.9985129035,4.10625576767138,24803.9618553546,19.9333759736297,0.707524330382166,68.1159835810911,77831.2787076106,0.997869311857022,2021-01-10
376,75160.2343095111,4.10510146367313,24815.4845495272,20.1760394975341,0.707422925641493,68.5255624705782,84912.7163352199,0.996513368948959,2021-01-11
377,75148.5604753067,4.1033948743252,24826.9195925654,20.4165372532006,0.70727293895066,68.9344459034724,91992.8962944291,0.995176642861288,2021-01-12
378,75136.9763694114,4.1011440049257,24838.2676538768,20.6548327064959,0.707075000222389,69.3425870429362,0,0.993856408947274,2021-01-13
379,75125.481355756,4.09835599824559,24849.5293978641,20.8908903812822,0.70682964164618,69.749938946511,7076.22250771891,0.992550191603258,2021-01-14
380,75114.074803044,4.09503722460578,24860.7054839616,21.1246757692785,0.706537306313053,70.156454574497,14149.7559062991,0.991255735365785,2021-01-15
381,75102.756084715,4.09119336230849,24871.7965666731,21.3561552491562,0.706198355834493,70.5620867972108,21220.1322484129,0.989970979175032,2021-01-16
382,75091.5245789084,4.08682946942563,24882.8032956079,21.5852960138771,0.70581307706786,70.9667884012023,28286.8868243513,0.98869403345794,2021-01-17
383,75080.3796684285,4.08195004785094,24893.7263155179,21.812066005395,0.705381688047992,71.3705120945244,35349.557444707,0.987423159720768,2021-01-18
384,75069.3207407096,4.07655910043616,24904.5662663336,22.0364338559282,0.704904343213642,71.7732105111423,42407.6837787827,0.986156752373326,2021-01-19
385,75058.347187782,4.07066018195078,24915.3237832005,22.2583688350981,0.7043811380075,72.1748362145671,49460.8067420742,0.984893322536479,2021-01-20
386,75047.4584062384,4.06425644453176,24925.9994965142,22.4778408023024,0.703812112919661,72.5753417007961,56508.4679269218,0.983631483611006,2021-01-21
387,75036.6537972007,4.05735067822249,24936.5940319567,22.6948201637631,0.703197257036611,72.9746794006399,63550.2090710788,0.982369938409473,2021-01-22
388,75025.9327662875,4.04994534713947,24947.108010531,22.9092778337461,0.702536511150751,73.372801681508,70585.571559534,0.981107467674244,2021-01-23
389,75015.2947235815,4.04204262174999,24957.5420485966,23.1211851995088,0.701829770479286,73.7696608487265,77614.095955441,0.979842919823646,2021-01-24
390,75004.7390835984,4.03364440769397,24967.8967579037,23.3305140895781,0.701076887035778,74.1652091464527,84635.3215564684,0.978575201785574,2021-01-25
391,74994.2652652544,4.02475237153809,24978.1727456284,23.5372367450075,0.70027767169276,74.5593987582477,91648.7859732946,0.977303270793006,2021-01-26
392,74983.8726918359,4.01536796380957,24988.3706144063,23.7413257932994,0.699431895969442,74.9521818073675,0,0.976026127029628,2021-01-27
393,74973.5607909681,4.00549243962053,24998.490962367,23.942754224717,0.698539293574702,75.3435103568252,6996.54613773851,0.97474280702599,2021-01-28
394,74963.3289945842,3.99512687716054,25008.5343831673,24.1414953707378,0.69759956173212,75.7333364092758,13983.9298594291,0.973452377717508,2021-01-29
395,74953.1767388952,3.98427219430607,25018.5014660253,24.3375228844338,0.696612362310818,76.1216119067729,20961.6781600226,0.972153931085383,2021-01-30
396,74943.1034643597,3.97292916356863,25028.3927957535,24.5308107225838,0.695577322783148,76.5082887304391,27929.3144805284,0.97084657931017,2021-01-31
397,74933.108615653,3.96109842558011,25038.2089527914,24.7213331293493,0.694494037027969,76.8933187000954,34886.3583681728,0.969529450375445,2021-02-01
398,74923.191641638,3.94878050129258,25047.9505132387,24.9090646213635,0.693362065996135,77.2766535738883,41832.3251438876,0.968201684065885,2021-02-02
399,74913.3519953344,3.9359758030511,25057.6180488877,25.0939799741029,0.692180938253006,77.6582450479521,48766.7255758275,0.966862428310206,2021-02-03
400,74903.5891338894,3.92268464468135,25067.2121272558,25.2760542094239,0.690950150411159,78.0380447561445,55689.0655577552,0.965510835824823,2021-02-04
401,74893.9025185475,3.908907250719,25076.733311617,25.4552625841648,0.689669167465121,78.416004269888,62598.8457912551,0.964146061018877,2021-02-05
402,74884.2916146206,3.89464376489475,25086.1821610341,25.631580579724,0.68833742303864,78.7920750981525,69495.5614708486,0.962767257125611,2021-02-06
403,74874.7558914584,3.87989425797683,25095.5592303904,25.8049838925364,0.686954319554012,79.1662086876118,76378.7019711873,0.961373573528801,2021-02-07
404,74865.2948224182,3.86465873506311,25104.8650704207,25.975448425383,0.685519228332008,79.5383564230055,83247.7505355853,0.959964153256308,2021-02-08
405,74855.9078848349,3.84893714240509,25114.1002277425,26.1429502794745,0.684031489630139,79.908469627738,90102.1839652378,0.958538130615863,2021-02-09
406,74846.5945599913,3.83272937383879,25123.2652448869,26.3074657472604,0.682490412626356,80.2764995647476,0,0.957094628950692,2021-02-10
407,74837.3543330873,3.81603527688983,25132.3606603291,26.4689713059218,0.680895275354664,80.6423974376755,6823.60624147997,0.955632758494981,2021-02-11
408,74828.1866932101,3.79885465861434,25141.3870085189,26.6274436115124,0.679245324598625,81.0061143923674,13630.9859898204,0.954151614311302,2021-02-12
409,74819.0911333033,3.78118729123168,25150.3448199108,26.7828594937201,0.677539775748421,81.3676015187421,20421.5871646982,0.952650274293662,2021-02-13
410,74810.0671501363,3.76303291760039,25159.2346209939,26.9351959512235,0.675777812626688,81.7268098530568,27194.8496819836,0.951127797221822,2021-02-14
411,74801.1142442734,3.74439125658471,25168.0569343214,27.084430147628,0.67395858728821,82.0836903806057,33950.2051370833,0.949583220853608,2021-02-15
412,74792.2319200422,3.72526200835566,25176.8122785404,27.2305394079659,0.672081219798314,82.4381940388859,40687.0764861678,0.948015560043293,2021-02-16
413,74783.4196855028,3.70564485966743,25185.5011684207,27.3735012157519,0.67014479799473,82.7902717212678,47404.8777250964,0.946423804875302,2021-02-17
414,74774.677052415,3.6855394891478,25194.1241148842,27.5132932105892,0.668148377237593,83.1398742812084,54103.0135658978,0.944806918803303,2021-02-18
415,74766.0035362069,3.66494557263867,25202.6816250331,27.6498931863248,0.666090980152314,83.4869525370442,60780.8791107123,0.943163836785733,2021-02-19
416,74757.398655942,3.64386278862165,25211.1742021787,27.7832790897557,0.663971596370056,83.8314572774098,67437.8595231466,0.941493463409492,2021-02-20
417,74748.8619342857,3.62229082376178,25219.6023458697,27.9134290198915,0.661789182270712,84.1733392673209,74073.3296970427,0.939794670994236,2021-02-21
418,74740.3928974723,3.60022937860174,25227.9665519202,28.0403212277834,0.659542660733425,84.5125492549714,80686.6539227108,0.938066297670296,2021-02-22
419,74731.9910752711,3.57767817343802,25236.2673124374,28.1639341169292,0.657230920899916,84.8490379792896,87277.1855507262,0.936307145423808,2021-02-23
420,74723.6560009512,3.55463695440991,25244.5051158491,28.2842462442717,0.654852817956159,85.1827561783065,0,0.93451597810309,2021-02-24
421,74715.3872112463,3.53110549983192,25252.680446931,28.401236321806,0.652407172938295,85.5136545983875,6542.96103103102,0.932691519380786,2021-02-25
422,74707.1842463193,3.50708362680029,25260.793786834,28.5148832188179,0.649892772568975,85.841684004386,13061.1204828561,0.930832450666816,2021-02-26
423,74699.0466497251,3.48257119810399,25268.8456131109,28.6251659647768,0.647308369130936,86.1667951907774,19553.7845430699,0.928937408967201,2021-02-27
424,74690.9739683736,3.45756812947122,25276.8363997429,28.7320637529083,0.644652680384869,86.4889389938358,26020.2467495179,0.927004984684847,2021-02-28
425,74682.9657524913,3.43207439718269,25284.766617166,28.8355559444775,0.641924389539386,86.8080663049214,32459.787644888,0.925033719358144,2021-03-01
426,74675.0215555819,3.40609004608344,25292.6367322971,28.9356220738136,0.639122145281454,87.1241280849464,38871.6744312936,0.923022103333952,2021-03-02
427,74667.1409343868,3.37961519802584,25300.44720856,29.0322418541122,0.636244561876282,87.4370753800966,45255.160625503,0.920968573371905,2021-03-03
428,74659.3234488434,3.35265006077688,25308.1985059107,29.1253951840531,0.633290219346483,87.7468593388832,51609.4857155547,0.91887151017733,2021-03-04
429,74651.568662043,3.32519493742419,25315.8910808632,29.2150621552732,0.63025766374109,88.0534312306104,57933.8748196066,0.916729235860549,2021-03-05
430,74643.8761401878,3.2972502363156,25323.5253865141,29.3012230607422,0.627145407505913,88.3567424653433,64227.5383479718,0.91454001132088,2021-03-06
431,74636.2454525455,3.26881648156882,25331.1018725678,29.3838584040841,0.623951929967676,88.656744615468,70489.6716694185,0.912302033554136,2021-03-07
432,74628.6761714038,3.239894324188,25338.620985361,29.4629489098993,0.620675677945432,88.9533894389407,76719.4547829363,0.910013432883053,2021-03-08
433,74621.1678720228,3.21048455382591,25346.0831678871,29.5384755351385,0.617315066503852,89.2466289043269,82916.0519963142,0.90767227011076,2021-03-09
434,74613.7201325859,3.18058811123091,25353.4888598201,29.6104194815876,0.613868479864202,89.5364152177345,0,0.905276533598189,2021-03-10
435,74606.3325341494,3.15020610141921,25360.8384975385,29.6787622095231,0.610334272490098,89.822700851755,6127.65401607503,0.902824136267145,2021-03-11
436,74599.0046605897,3.11933980761419,25368.1325141489,29.7434854526033,0.606710770366472,90.1054385765254,12219.5178287318,0.900312912531876,2021-03-12
437,74591.7360985496,3.08799070599493,25375.3713395093,29.8045712340648,0.602996272491794,90.3845814930369,18274.6899589231,0.897740615162689,2021-03-13
438,74584.5264373817,3.05616048129759,25382.5554002516,29.8620018842929,0.599189052604855,90.6600830688115,24292.2517898979,0.89510491208711,2021-03-14
439,74577.3752690908,3.02385104331353,25389.685119805,29.9157600598446,0.595287361169335,90.9318971760814,30271.2673243297,0.892403383134803,2021-03-15
440,74570.2821882727,2.99106454432883,25396.760918418,29.9658287640025,0.591289427640929,91.1999781326079,36210.7829626779,0.889633516734448,2021-03-16
441,74563.2467920522,2.95780339754991,25403.7832131804,30.0121913689421,0.587193463043645,91.4642807452785,42109.8273057455,0.886792706572532,2021-03-17
442,74556.2686800175,2.92407029656029,25410.7524180453,30.0548316396012,0.582997662883724,91.7247603566307,47967.4109846649,0.883878248225956,2021-03-18
443,74549.3474541532,2.88986823585269,25417.6689438507,30.0937337593401,0.578700210431586,91.9813728944504,53782.5265218396,0.880887335782737,2021-03-19
444,74542.4827187688,2.85520053248015,25424.5331983403,30.1288823574885,0.574299280404135,92.2340749245997,59554.1482266806,0.87781705846755,2021-03-20
445,74535.6740804263,2.82007084886864,25431.345586185,30.1602625388764,0.569793043081791,92.4828237072287,65281.232130313,0.874664397291833,2021-03-21
446,74528.9211478641,2.78448321683112,25438.1065090027,30.1878599154496,0.565179668896597,92.7275772565318,70962.715963779,0.871426221751242,2021-03-22
447,74522.2235319171,2.74844206282112,25444.816365379,30.2116606400752,0.560457333529775,92.9682944042072,76597.5191846391,0.868099286596866,2021-03-23
448,74515.5808454351,2.71195223445979,25451.4755508869,30.2316514426429,0.555624223559008,93.204934866779,0,0.864680228710562,2021-03-24
449,74508.9927031959,2.67501902836638,25458.0844581062,30.2478196685713,0.550678542697664,93.4374593169432,5538.12773527755,0.861165564119026,2021-03-25
450,74502.4587218167,2.63764821931652,25464.6434766432,30.2601533198315,0.54561851866978,93.6658294590887,11026.2246958028,0.857551685186197,2021-03-26
451,74495.9785196611,2.5998460907454,25471.1529931486,30.2686410985987,0.540442410766411,93.8900081091516,16463.1386732797,0.853834858028459,2021-03-27
452,74489.5517167419,2.56161946660597,25477.6133913369,30.2732724536449,0.535148518129904,94.1099592789401,21847.7002450077,0.850011220203498,2021-03-28
453,74483.1779346213,2.52297574458133,25484.0250520036,30.2740376295854,0.529735188813971,94.32564826507,27178.7232170909,0.846076778729277,2021-03-29
454,74476.8567963057,2.48392293063959,25490.3883530436,30.2709277190882,0.52420082966779,94.5370417426328,32455.0051623252,0.842027408496819,2021-03-30
455,74470.587926138,2.44446967490592,25496.7036694679,30.2639347181564,0.518543917092498,94.744107863703,37675.3280612506,0.837858851147669,2021-03-31
456,74464.3709496848,2.40462530881077,25502.9713734208,30.2530515845849,0.512763008717846,94.9468163607751,42838.4590553337,0.833566714494842,2021-04-01
457,74458.2054936196,2.36439988345498,25509.1918341962,30.2382722996909,0.506856756045485,95.1451386551955,47943.1513217167,0.829146472574384,2021-04-02
458,74452.0911856027,2.32380420911186,25515.3654182537,30.2195919334071,0.500823918103116,95.3390479706259,52988.1450794199,0.824593466423699,2021-04-03
459,74446.027654156,2.28284989576255,25521.4924892343,30.1970067128191,0.494663376150446,95.5285194515455,57972.1687373186,0.819902905692043,2021-04-04
460,74440.0145285346,2.2415493945341,25527.5734079755,30.1705140942135,0.488374149473419,95.7135302867571,62893.9401945948,0.815069871198426,2021-04-05
461,74434.0514385942,2.19991603987949,25533.6085325262,30.1401128386908,0.481955412297207,95.8940598378183,67752.1683047084,0.810089318562141,2021-04-06
462,74428.1380146546,2.15796409230511,25539.5982181607,30.1058030913769,0.475406511840867,96.0700897722705,0,0.804956083041436,2021-04-07
463,74422.2738873603,2.1157087814135,25545.542817393,30.0675864642474,0.468726987527163,96.2416042014748,4727.24017359227,0.799664885726057,2021-04-08
464,74416.4586875374,2.07316634898837,25551.4426799901,30.0254661225517,0.461916591349432,96.4085898227992,9387.02661720316,0.794210341239526,2021-04-09
465,74410.6920460475,2.0303540918017,25557.298152985,29.9794468747963,0.454975309383634,96.5710360658297,13978.0503103943,0.788586967116561,2021-04-10
466,74404.9735936398,1.98729040377655,25563.1095806893,29.9295352662117,0.447903384417163,96.728935242189,18499.0033595082,0.782789195030153,2021-04-11
467,74399.302960801,1.94399481708249,25568.8773047054,29.8757396755897,0.440701339646814,96.8822826984558,22948.5816825273,0.776811384050618,2021-04-12
468,74393.6797776037,1.90048804168585,25574.6016639383,29.8180704153323,0.433370003376055,97.0310769715784,27325.4879359723,0.770647836125347,2021-04-13
469,74388.1036735547,1.8567920028159,25580.282994607,29.7565398345057,0.425910534616323,97.1753199460601,31628.4346933896,0.764292813972447,2021-04-14
470,74382.5742774433,1.81292987574458,25585.9216302554,29.6911624246379,0.418324449468106,97.3150170120771,35856.1478838698,0.757740561583514,2021-04-15
471,74377.0912171911,1.76892611721264,25591.5179017628,29.6219549279362,0.410613648125594,97.4501772235614,40007.3704976416,0.750985327529454,2021-04-16
472,74371.6541197044,1.72480649276813,25597.0721373544,29.5489364475338,0.402780442312792,97.5808134551406,44080.8665640508,0.744021391258436,2021-04-17
473,74366.2626107294,1.68059809921648,25602.5846626113,29.4721285593039,0.394827582920111,97.7069425566873,48075.4254051126,0.736843092565531,2021-04-18
474,74360.9163147134,1.63632938131618,25608.0558004797,29.3915554246968,0.386758287568271,97.8285855040795,51989.8661653157,0.729444864398812,2021-04-19
475,74355.6148546722,1.5920301417924,25613.4858712811,29.3072439039737,0.378576267781546,97.9457675446228,55823.0426153973,0.721821269145638,2021-04-20
476,74350.3578520654,1.54773154368369,25618.8751927209,29.2192236691207,0.370285755405293,98.0585183354327,0,0.71396703851502,2021-04-21
477,74345.1449266815,1.50346610398812,25624.224079898,29.1275273156282,0.361891527854261,98.166872072924,3667.37326601222,0.705877117096159,2021-04-22
478,74339.975696536,1.45926767753815,25629.5328453134,29.03219047223,0.353398931729512,98.2708676114148,7250.30329164128,0.697546709628769,2021-04-23
479,74334.8497777821,1.4151714300047,25634.8017988794,28.9332519075854,0.344813904293054,98.3705485687101,10747.8355854177,0.688971331967971,2021-04-24
480,74329.7667846384,1.37121379893024,25640.031247929,28.8307536327989,0.336142992244736,98.4659634164267,14159.0780648869,0.680146865662133,2021-04-25
481,74324.7263293345,1.32743244169707,25645.2214972244,28.7247409985605,0.32739336720327,98.557165552708,17483.2072315293,0.671069615989999,2021-04-26
482,74319.7280220774,1.28386616937868,25650.3728489669,28.6152627856002,0.318572837258609,98.6442133549212,20719.4744813752,0.661736373219517,2021-04-27
483,74314.7714710405,1.24055486548677,25655.4856028061,28.5023712870545,0.309689853935871,98.7271702098834,23867.2125087518,0.652144476758106,2021-04-28
484,74309.8562823785,1.19753938872513,25660.5600558506,28.3861223812658,0.300753513895328,98.8061045191744,26925.8417539074,0.642291881762451,2021-04-29
485,74304.9820602688,1.1548614589945,25665.5965026779,28.2665755934607,0.291773554690945,98.8810896771388,29894.8768384784,0.632177227666709,2021-04-30
486,74300.1484069828,1.11256352606502,25670.5952353456,28.1437941447011,0.282760343924408,98.9522040192898,32773.9329260489,0.621799907973093,2021-05-01
487,74295.354922989,1.07068862054463,25675.5565434031,28.01784498647,0.273724861165132,99.0195307389864,35562.7319385716,0.611160140530997,2021-05-02
488,74290.6012070887,1.02928018702591,25680.4807139042,27.8887988192383,0.264678672061828,99.0831577704902,38261.1085533799,0.600259037412803,2021-05-03
489,74285.886856586,0.988381899588491,25685.3680314201,27.756730093379,0.255633894149964,99.1431776367984,40869.0159001525,0.589098673380564,2021-05-04
490,74281.211467494,0.948037460169028,25690.2187780541,27.6217169908404,0.246603153963374,99.1996872610264,0,0.577682151831949,2021-05-05
491,74276.5746347762,0.908290380680752,25695.0332334561,27.4838413860754,0.237599535188093,99.2527877405465,2427.32809465867,0.566013667021295,2021-05-06
492,74271.9759526245,0.86918375016531,25699.8116748396,27.3431887848391,0.228636517752116,99.3025840836011,4764.80768461301,0.554098561277573,2021-05-07
493,74267.4150147724,0.830759988682198,25704.5543769983,27.1998482396334,0.219727907924733,99.3491849086808,7012.91364027953,0.541943375891116,2021-05-08
494,74262.8914148425,0.793060590076511,25709.2616123257,27.053912240773,0.210887759700971,99.3927021075833,9172.26020662526,0.529555894320307,2021-05-09
495,74258.4047467263,0.756125856200679,25713.9336508341,26.905476582295,0.202130287966212,99.4332504737432,11243.6030527259,0.516945176383381,2021-05-10
496,74253.954604995,0.719994625587196,25718.5707601762,26.7546402022166,0.193469774167975,99.4709472981195,13227.8404147776,0.504121582153325,2021-05-11
497,74249.5405853352,0.684703999961286,25723.1732056669,26.6015049969677,0.184920465459286,99.5059119356409,15126.0132622369,0.491096784368716,2021-05-12
498,74245.1622850094,0.650289072326864,25727.7412503073,26.4461756101816,0.176496468512797,99.5382653459163,16939.3044276557,0.477883768312396,2021-05-13
499,74240.8193033331,0.616782660642484,25732.275154809,26.2887591964142,0.168211639428009,99.568129612571,18669.0366538019,0.464496818292996,2021-05-14
500,74236.5112421669,0.584215051305296,25736.7751776202,26.1293651607651,0.160079471355661,99.5956274462079,20316.669526987,0.450951490089939,2021-05-15
501,74232.2377064143,0.552613756768881,25741.2415749524,25.9681048757937,0.152112981633913,99.6208816765103,21883.7952826158,0.437264568986343,2021-05-16
502,74227.9983045219,0.522003291620503,25745.6746008081,25.8050913775425,0.144324600360743,99.6440147394438,23372.1334876091,0.423454013310335,2021-05-17
503,74223.7926489752,0.492404971325985,25750.0745070098,25.640439042894,0.136726062407552,99.665148165824,24783.5246240465,0.40953888372494,2021-05-18
504,74219.620356782,0.463836737610611,25754.4415432287,25.4742632508704,0.12932830490327,99.6844020776892,0,0.395539258840037,2021-05-19
505,74215.4810499391,0.436313014082706,25758.7759570152,25.3066800308593,0.122141372182195,99.7018946989395,1263.46376401866,0.381476138054502,2021-05-20
506,74211.3743558746,0.40984459521791,25763.0779938284,25.1378057009863,0.115174330083052,99.7177418864918,2456.14782752418,0.367371332863143,2021-05-21
507,74207.2999078603,0.384438571255548,25767.3478970675,24.9677565003149,0.108435191339841,99.7320566881099,3580.29217195814,0.353247348156077,2021-05-22
508,74203.2573453885,0.360098290839565,25771.5859081016,24.7966482184086,0.101930853555236,99.7449489322525,4638.211376883,0.339127255313973,2021-05-23
509,74199.2463145099,0.336823362519241,25775.7922663008,24.6245958262407,0.0956670509992778,99.7565248550251,5632.28321551521,0.325034559106503,2021-05-24
510,74195.2664681261,0.314609695400756,25779.9672090656,24.4517131122737,0.0896483211410599,99.7668867683843,6564.93684111735,0.310993060567212,2021-05-25
511,74191.3174662354,0.293449578424494,25784.110971858,24.2781123275554,0.0838779864762673,99.7761327729727,7438.64071487585,0.297026718109987,2021-05-26
512,74187.3989761292,0.273331796925895,25788.2237882297,24.1039038435419,0.0783581518439753,99.7843565180498,8255.89042950475,0.283159509178502,2021-05-27
513,74183.5106725374,0.254241784357498,25792.3058898515,23.929195826155,0.0730897170534769,99.7916470100225,9019.19658288397,0.26941529467667,2021-05-28
514,74179.652237723,0.236161806332648,25796.3575065408,23.7540939293032,0.0680724042796771,99.7980884701193,9731.0728524224,0.255817688317828,2021-05-29
515,74175.8233615262,0.21907117352133,25800.378866289,23.5787010107561,0.0633047993475714,99.8037602408025,10394.0244137051,0.242389932858576,2021-05-30
516,74172.0237413596,0.202946479405996,25804.3701952876,23.4031168728629,0.0587844057247887,99.8087367396177,11010.5368366462,0.229154784958241,2021-05-31
517,74168.2530821574,0.187761858505135,25808.3317179534,23.2274380301661,0.05450770978634,99.8130874583561,11583.0655792426,0.216134410136918,2021-06-01
518,74164.5110962812,0.173489260404262,25812.2636569524,23.0517575054968,0.0504702557151942,99.8168770046885,0,0.203350289006188,2021-06-02
519,74160.7975033855,0.160098734795714,25816.1662332235,22.8761646556636,0.0466667282597434,99.8201651828295,491.759078742044,0.190823135629531,2021-06-03
520,74157.1120302494,0.147558722771741,25820.0396660001,22.7007450272434,0.0430910414964622,99.8230071092339,946.626158092348,0.178572828545184,2021-06-04
521,74153.4544105755,0.135836349615227,25823.8841728315,22.525580242872,0.0397364317014743,99.8254533592227,1366.84643564463,0.166618354672726,2021-06-05
522,74149.8243847644,0.12489771478836,25827.6999696029,22.3507479173573,0.0365955525101222,99.8275501398151,1754.594474956,0.154977766017816,2021-06-06
523,74146.2216996667,0.114708174941695,25831.4872705546,22.1763216031439,0.0336605705887673,99.8293394843619,2111.96885816074,0.143668148825759,2021-06-07
524,74142.6461083191,0.105232616317158,25835.2462883002,22.0023707638955,0.030923260196117,99.8308594643672,2440.98779059136,0.132705604591366,2021-06-08
525,74139.0973696677,0.0964357133531655,25838.9772338437,21.8289607747621,0.0283750951658836,99.8321444140961,2743.58563929335,0.122105242134917,2021-06-09
526,74135.5752482844,0.0882821708250339,25842.6803165967,21.656152947595,0.0260073370317329,99.8332251637854,3021.61037308579,0.111881179796345,2021-06-10
527,74132.0795140795,0.0807369473921529,25846.3557443933,21.4840045791544,0.0238111182195175,99.8341292775698,3276.82186003929,0.102046556684632,2021-06-11
528,74128.6099420139,0.0737654589628835,25850.0037235063,21.3125690201795,0.0217775194431627,99.8348812925906,3510.89096854721,0.0926135518458082,2021-06-12
529,74125.1663118148,0.0673337608124217,25853.6244586606,21.1418957630832,0.0198976406514238,99.8355029561462,3725.39941058687,0.0835934101781827,2021-06-13
530,74121.7484076975,0.0614087078840358,25857.2181530479,20.9720305459652,0.0181626650762096,99.8360134581566,3921.84026026606,0.0749964739235946,2021-06-14
531,74118.3560180956,0.0559580931589458,25860.7850083398,20.8030154706275,0.0165639161236647,99.8364296566343,4101.61907722206,0.0668322185940682,2021-06-15
532,74114.9889354017,0.0509507643864042,25864.3252247008,20.6348891323018,0.0150929070224372,99.8367662942719,0,0.0788123896652671,2021-06-16
533,74111.6468670771,0.0464424870546653,25867.838999165,20.4676912699461,0.0137666320887572,99.837126497678,144.213239132675,0.0691123067092424,2021-06-17
534,74108.3297193703,0.0422933420608305,25871.3265307162,20.3014565705142,0.0125444388248645,99.8374129801826,275.68887804225,0.0600215580852928,2021-06-18
535,74105.037292238,0.0384810547739844,25874.7880150534,20.1362116529249,0.0114201436605876,99.8376382768916,395.436803365402,0.051548383902066,2021-06-19
536,74101.7693890328,0.0349838299331645,25878.2236464176,19.9719807187196,0.0103876445689187,99.8378131967375,504.4054307181,0.043700237631142,2021-06-20
537,74098.5258162881,0.0317804809133381,25881.6336176035,19.8087856266046,0.00944096607362065,99.8379470063751,603.482751610949,0.0364838237276134,2021-06-21
538,74095.3063835147,0.0288505357278538,25885.0181199706,19.6466459780658,0.00857429701913732,99.8380476025608,693.497793757683,0.0299051370739272,2021-06-22
539,74092.1109030116,0.0261743213288556,25888.3773434544,19.4855792117309,0.00778202148907474,99.838121672336,775.222424475678,0.0239695032626621,2021-06-23
540,74088.9391896896,0.0237330279409947,25891.7114765771,19.3256007043281,0.00705874333950958,99.8381748406622,849.373430937787,0.018681618879876,2021-06-24
541,74085.7910609091,0.0215087552704818,25895.0207064583,19.1667238762907,0.00639930486869962,99.838211805446,916.614815992876,0.0140455910929883,2021-06-25
542,74082.6663363308,0.0194845424825805,25898.3052188254,19.0089603002578,0.00579880017894459,99.8382364601271,977.560253675735,0.0100649759823687,2021-06-26
543,74079.56483778,0.0176443838434521,25901.5651980241,18.8523198109253,0.00525258380195367,99.8382520041971,1032.77565417716,0.00674281518094984,2021-06-27
544,74076.4863891238,0.0159732318845083,25904.8008270284,18.6968106149011,0.00475627515887523,99.8382610421657,1082.78179376973,0.00408167049954619,2021-06-28
545,74073.430816159,0.0144569898767609,25908.0122874507,18.5424393994118,0.00430575941291882,99.8382656716047,1128.05697084005,0.00208365631597898,2021-06-29
546,74070.3979465126,0.0130824953063531,25911.1997595521,18.389211438892,0.00389718524893256,99.8382675609767,1169.03965464763,0.000750469593205044,2021-06-30
