"time","xS","xI","xV","xR","xC","xF","xJ","date","R_t"
0,99998,2,0,0,0.45,0,0,2020-01-02,3.2986429461165
1,99798.0779862013,2.46205340254921,199.237754942608,0.2222054535804,0.521073337891044,0.685245410803599,4863.76481057971,2020-01-02,2.86670941780403
2,99599.6332788528,2.91194816032587,396.966619649498,0.488153337408368,0.581479542423156,1.4041371660778,10386.1161595419,2020-01-03,2.4998478341574
3,99402.6756227237,3.33113605741315,593.19796821546,0.79527300337927,0.630915998583762,2.13591228574436,16457.216939131,2020-01-04,2.19960436338415
4,99207.2080411589,3.70924761054597,787.943127834424,1.13958339614089,0.670501278783991,2.86654754364793,22972.2128210748,2020-01-05,1.9590062492403
5,99013.2277614932,4.04242748348899,981.213364062958,1.51644696028495,0.70186422726649,3.58784055100923,29840.5799248434,2020-01-06,1.76806881882301
6,98820.727890766,4.33112622618337,1173.01986984783,1.92111315993956,0.726626588448621,4.29574216370618,36988.3289906169,2020-01-07,1.61690515780866
7,98629.6989482255,4.57824208855984,1363.37375863855,2.34905104735125,0.746189522421075,4.98883157312995,44356.675792123,2020-01-08,1.49699781081584
8,98440.1299858976,4.78783120527274,1552.28606064765,2.79612224931833,0.76168554417218,5.66720219963359,51899.5050522148,2020-01-09,1.40147520442216
9,98252.0093193135,4.96430976784445,1739.7677211883,3.25864973025131,0.774000905670558,6.33173628663373,59580.7634213621,2020-01-10,1.32496717023215
10,98065.3249712006,5.11200350160093,1925.8296002638,3.73342503380764,0.783819314595698,6.98366554772687,67372.2094006458,2020-01-11,1.26333510925592
11,97880.0649264037,5.23491821458967,2110.48247286326,4.21768251825992,0.791666014305209,7.62431977345435,75251.6122742403,2020-01-12,1.21340229488661
12,97696.2172701431,5.33664210564621,2293.73702962957,4.70905812138573,0.797945121995654,8.25499143084793,83201.360756943,2020-01-13,1.17272632273035
13,97513.7702570105,5.42032246466791,2475.60387770563,5.20554281872772,0.802969019707998,8.87686897368055,91207.4050437499,2020-01-14,1.13942040635647
14,97332.7123401412,5.48868186999963,2656.0935416499,5.70543633838239,0.806980707043543,9.49100951497018,99258.4564643626,2020-01-15,1.11201767555591
15,97153.0321782632,5.54405342312685,2835.2164643629,6.20730395017158,0.810170539330329,10.0983332362799,107345.381394286,2020-01-16,1.08936966941988
16,96974.7186310391,5.58842340144732,3012.98300799456,6.70993756410286,0.812688696238978,10.6996291817088,115460.740178175,2020-01-17,1.07057078003426
17,96797.7607487161,5.62347497295162,3189.40345481913,7.21232149105866,0.814654476860704,11.2955664714974,123598.434074806,2020-01-18,1.05490195799644
18,96622.1477594891,5.65062968765128,3364.48800807263,7.71360274978124,0.816163258835309,11.8867075728983,131753.432877503,2020-01-19,1.04178858158305
19,96447.8690564525,5.67108521986687,3538.24679275274,8.21306557400269,0.817291742043883,12.4735217928724,139921.563112635,2020-01-20,1.03076871951625
20,96274.9141851163,5.68584882072908,3710.6898563834,8.71010967846624,0.818101929816428,13.0563980439023,148099.342046406,2020-01-21,1.0214690390104
21,96103.2728319563,5.69576647334418,3881.82716974735,9.20423182181293,0.818644176390024,13.635656442713,156283.846606232,2020-01-22,1.01358636646836
22,95932.9348141717,5.70154801466959,4051.66862758994,9.69501022256585,0.818959539115741,14.2115585877403,164472.609134736,2020-01-23,1.00687345626074
23,95763.8900706691,5.70378861047868,4220.22404929779,10.1820914214499,0.8190816089701,14.7843165169663,172663.533936806,2020-01-24,1.00112791694309
24,95596.1286542074,5.70298700868505,4387.5031795552,10.6651792275939,0.819037946330658,15.3541004277395,180854.83006989,2020-01-25,0.996183526614408
25,95429.6407245958,5.6995609901712,4553.51568898133,11.1440254314908,0.818851215512141,15.921045276569,189044.956920855,2020-01-26,0.991903371724284
26,95264.4165428303,5.69386040740371,4718.27117475051,11.6184220106605,0.818540087443839,16.4852563886353,197232.57992065,2020-01-27,0.988174389553226
27,95100.4464660457,5.6861781622792,4881.77916119757,12.0881945932218,0.818119962398418,17.046814205068,205416.534349853,2020-01-28,0.984903000253693
28,94937.720943176,5.67675943298953,5044.04910041032,12.5531969794586,0.817603551943799,17.6057782874636,213595.795640314,2020-01-29,0.982011591361483
29,94776.2305112173,5.66580941908817,5205.09037281042,13.0133065519421,0.81700134993334,18.162190687452,221769.454920706,2020-01-30,0.97943567425479
30,94615.9657920074,5.65349983632479,5364.912287724,13.4684204310822,0.816322015422751,18.7160787765209,229936.698815642,2020-01-31,0.977121573920311
31,94456.9174894412,5.63997435903019,5523.52408394317,13.9184522555158,0.815572685231373,19.2674576189663,238096.792709782,2020-02-01,0.975024544658292
32,94299.076387016,5.62535317848992,5680.93493031872,14.3633294856837,0.814759229991491,19.8163319593255,246249.066842664,2020-02-02,0.973107227811437
33,94142.4333458121,5.60973681768894,5837.1539262226,14.8029911465544,0.813886464466922,20.362697885388,254392.904736386,2020-02-03,0.971338386059752
34,93986.9793026389,5.59320932527707,5992.19010209836,15.237385936315,0.812958320885959,20.9065442187784,262527.733528084,2020-02-04,0.969691861327502
35,93832.7052683464,5.57584094844181,6146.0524200621,15.6664706420251,0.811977992077071,21.4478536767181,270653.015877226,2020-02-05,0.968145715059639
36,93679.6023264251,5.55769036839127,6298.74977439265,16.0902088127994,0.810948049851458,21.9866038423754,278768.243183302,2020-02-06,0.966681517777158
37,93527.6616317276,5.53880657111245,6450.29099205257,16.5085696477034,0.809870543130347,22.5227679749264,286872.929880517,2020-02-07,0.965283760666184
38,93376.8744093188,5.51923041266774,6600.68483320398,16.9215270635319,0.808747079382534,23.0563156855698,294966.608627783,2020-02-08,0.963939367547239
39,93227.2319534373,5.49899592902604,6749.93999171936,17.3290589131208,0.807578892288683,23.5872135015081,303048.826242191,2020-02-09,0.962637289531172
40,93078.7256265493,5.4781314322763,6898.06509568767,17.7311463296439,0.80636689801318,24.1154253363426,311119.140250479,2020-02-10,0.961368167925526
41,92931.3468584785,5.45666042823205,7045.06870791582,18.1277731763686,0.805111742033507,24.6409128823222,319177.115954646,2020-02-11,0.960124053575124
42,92785.0871456036,5.43460238470443,7190.95932642593,18.5189255847112,0.803813838128998,25.1636359373663,327222.323925528,2020-02-12,0.958898172938166
43,92639.9380501097,5.41197337492113,7335.74538494811,18.9045915662377,0.802473400848282,25.6835526776584,335254.337852737,2020-02-13,0.95768473291772
44,92495.8911992865,5.38878661655273,7479.43525340933,19.284760686614,0.801090472544503,26.2006198848374,343272.732691337,2020-02-14,0.95647875786852
45,92352.938284866,5.3650529234483,7622.03723841807,19.6594237914698,0.799664945879185,26.7147931353258,351277.083055595,2020-02-15,0.955275953343362
46,92211.0710623938,5.34078108437444,7763.55958374514,20.0285727757852,0.798196582541185,27.2260269580918,359266.961818311,2020-02-16,0.954072592081335
47,92070.2813506281,5.31597818070503,7904.01047080061,20.3922003897818,0.796685028800296,27.734274966107,367241.938881089,2020-02-17,0.952865418510864
48,91930.5610309638,5.29064985304815,8043.39801910692,20.750300075446,0.795129828410375,28.2394899658927,375201.580086516,2020-02-18,0.951651568675307
49,91791.902046877,5.26480052515891,8181.73028676831,21.102865828775,0.79353043329048,28.7416240488242,383145.446247974,2020-02-19,0.95042850301251
50,91654.296403387,5.23843359211864,8319.01527093643,21.4498920836335,0.791886212340984,29.2406286672621,391073.092276679,2020-02-20,0.949193949852622
51,91517.7361665341,5.21155157861863,8455.26090827256,21.7913736137836,0.790196458692372,29.7364546980731,398984.066388838,2020-02-21,0.947945857856673
52,91382.2134628707,5.18415627223198,8590.47507540597,22.1273054502099,0.788460395635291,30.2290524956852,406877.909378533,2020-02-22,0.946682355915251
53,91247.720478963,5.15624883576046,8724.66558938901,22.457682811331,0.786677181439522,30.718371936473,414754.153944192,2020-02-23,0.94540171927299
54,91114.2494609046,5.1278299020774,8857.84020814839,22.7825010440818,0.784845913235649,31.2043624559757,422612.324058448,2020-02-24,0.944102340848976
55,90981.7927138373,5.09889965433193,8990.00663093331,23.1017555741804,0.782965630104885,31.6869730802114,430451.934372758,2020-02-25,0.942782706893277
56,90850.3426014811,5.06945789391548,9121.17249875992,23.4154418641682,0.781035315499019,32.1661524521461,438272.489649475,2020-02-26,0.941441376261112
57,90719.8915456705,5.03950409820347,9251.34539485247,23.7235553780427,0.779053899092829,32.6418488542104,446073.484215217,2020-02-27,0.940076962703897
58,90590.4320258968,5.00903746976135,9380.53284508113,24.026091551497,0.777020258155016,33.1140102276178,453854.401430293,2020-02-28,0.938688119674406
59,90461.9565788574,4.97805697843335,9508.74231839631,24.3230457669422,0.774933218510094,33.5825841891209,461614.713169737,2020-02-29,0.937273527224923
60,90334.4577980091,4.9465613975064,9635.98122725989,24.6144133326242,0.772791555152361,34.0475180457475,469353.879312185,2020-03-01,0.935831880645447
61,90207.9283331261,4.91454933495279,9762.25692807293,24.9001894652635,0.770593992563711,34.5087588079808,477071.347233365,2020-03-02,0.934361880545663
62,90082.3608898626,4.88201926059747,9887.5767216003,25.180369275741,0.768339204779188,34.9662532017772,484766.551301489,2020-03-03,0.932862224131932
63,89957.7482293199,4.84896952992437,10011.947853392,25.4549477574356,0.766025815237772,35.41994767977,492438.912372181,2020-03-04,0.931331597470019
64,89834.083167616,4.81539840512618,10135.3775142012,25.7239197768878,0.763652396450532,35.8697884319528,500087.837280992,2020-03-05,0.929768668557355
65,89711.3585754596,4.78130407391047,10257.8728403991,25.9872800665211,0.761217469513929,36.3157213961112,507712.718331792,2020-03-06,0.928172081056212
66,89589.5673777264,4.74668466649851,10379.4409143871,26.2450232192043,0.75871950349248,36.7576922682341,515312.932779645,2020-03-07,0.926540448562319
67,89468.7025530387,4.71153827119002,10500.0887650047,26.4971436844764,0.75615691469217,37.1956465131159,522887.842306918,2020-03-08,0.924872349302549
68,89348.7571333483,4.67586294881358,10619.8233679358,26.7436357662959,0.753528065843673,37.6295293753446,530436.792491683,2020-03-09,0.923166321171708
69,89229.7242035205,4.63965674633925,10738.6516461102,26.9844936222033,0.750831265212747,38.0592858908526,537959.112267565,2020-03-10,0.921420857031763
70,89111.5969009217,4.60291770989318,10856.5804701038,27.2197112638149,0.748064765653847,38.4848608992002,545454.113374406,2020-03-11,0.919634400208237
71,88994.368415009,4.56564389738437,10973.6166585341,27.4492825585873,0.745226763622076,38.9061990567519,552921.089799234,2020-03-12,0.917805340128056
72,88878.0319869216,4.52783339092896,11089.7669784538,27.6732012328134,0.742315398158073,39.3232448509019,560359.317207219,2020-03-13,0.915932008051026
73,88762.5809090731,4.48948430923762,11205.0381457409,27.8914608758269,0.739328749860177,39.7359426155026,567768.052362393,2020-03-14,0.91401267285394
74,88648.0085247475,4.45059482011511,11319.4368254861,28.1040549454105,0.736264839858289,40.1442365476481,575146.532538092,2020-03-15,0.912045536831967
75,88534.3082276948,4.41116315320826,11432.9696323766,28.3109767744144,0.733121628804158,40.5480707259695,582493.974917213,2020-03-16,0.910028731486824
76,88421.4734617299,4.37118761312832,11545.6431310775,28.5122195786069,0.729897015893462,40.947389130596,589809.575982512,2020-03-17,0.907960313275416
77,88309.49772033,4.33066659306557,11657.4638366103,28.7077764657903,0.726588837935843,41.3421356649453,597092.510897358,2020-03-18,0.905838259296165
78,88198.3745462359,4.28959858900816,11768.438214728,28.8976404462254,0.723194868490203,41.7322541795098,604341.932877496,2020-03-19,0.903660462893454
79,88088.0975310522,4.24798221467305,11878.5726822879,29.0818044444197,0.719712817083869,42.1176884978116,611556.972554566,2020-03-20,0.901424729163407
80,87978.660314849,4.20581621725351,11987.8736076205,29.2602613123437,0.716140328535849,42.4983824447082,618736.737332327,2020-03-21,0.899128770346719
81,87870.0565857637,4.16309949408673,12096.347310897,29.4330038441515,0.712474982406242,42.8742798772383,625880.310736709,2020-03-22,0.896770201096707
82,87762.2800796037,4.11983111034378,12204.0000644925,29.6000247924868,0.708714292595934,43.245324718208,632986.751761115,2020-03-23,0.894346533613003
83,87655.3245794475,4.07601031784472,12310.8380933472,29.7613168864712,0.704855707123145,43.6114609927273,640055.094208561,2020-03-24,0.891855172633517
84,87549.1839152478,4.03163657510265,12416.8675753245,29.9168728514756,0.700896608105984,43.972632867918,647084.346032601,2020-03-25,0.88929341027965
85,87443.8519634333,3.9867095687018,12522.0946415662,30.0666854307897,0.696834311983142,44.3287846960274,654073.48867924,2020-03-26,0.886658420752053
86,87339.3226465085,3.94122923611691,12626.5253768449,30.210747409309,0.692666070008124,44.6798610611921,661021.476432384,2020-03-27,0.883947254876769
87,87235.5899326556,3.89519579008336,12730.165819914,30.3490516393747,0.68838906905592,45.0258068301132,667927.235765782,2020-03-28,0.881156834504385
88,87132.6478353312,3.84860974463001,12833.0219638543,30.4815910689057,0.684000432785007,45.3665672069132,674789.664704754,2020-03-29,0.878283946767766
89,87030.4904128662,3.80147194288929,12935.099756418,30.6083587719772,0.679497223201713,45.7020877924634,681607.632201527,2020-03-30,0.875325238207449
90,86929.1117680602,3.75378358680147,13036.4051003701,30.7293479820064,0.674876442678649,46.0323146484807,688379.977528441,2020-03-31,0.8722772087774
91,86828.5060477755,3.70554626883251,13136.9438538272,30.8445521277194,0.670135036483788,46.3571943667097,695105.509693841,2020-04-01,0.869136205748324
92,86728.6674425285,3.65676200582633,13236.7218305928,30.9539648720819,0.665269895882123,46.6766741435176,701783.006886078,2020-04-02,0.865898417530379
93,86629.5901860791,3.60743327511413,13335.7448004906,31.0575801543881,0.660277861877477,46.9907018602448,708411.215951668,2020-04-03,0.862559867442783
94,86531.2685550154,3.55756305300331,13434.0184896949,31.1553922357122,0.655155729668018,47.2992261696657,714988.851914377,2020-04-04,0.859116407463956
95,86433.6968683378,3.5071548557684,13531.5485810576,31.2473957479373,0.649900253895384,47.6021965889252,721514.597542769,2020-04-05,0.855563712003011
96,86336.8694870354,3.4562127832641,13628.3407144338,31.3335857465878,0.644508154773945,47.8995635993294,727987.102974569,2020-04-06,0.851897271741203
97,86240.7808136633,3.40474156527743,13724.4004870028,31.4139577676989,0.638976125193542,48.1912787533734,734404.985407116,2020-04-07,0.848112387601254
98,86145.4252919111,3.35274661072989,13819.7334535883,31.4885078889706,0.633300838896134,48.4772947893982,740766.828864125,2020-04-08,0.844204164912341
99,86050.7974061692,3.30023405983332,13914.3451269745,31.5572327954564,0.627478959833903,48.7575657542707,747071.184050041,2020-04-09,0.840167507850134
100,85956.8916810896,3.24721083929155,14008.2409782202,31.6201298500504,0.62150715282348,49.0320471344781,753316.568304354,2020-04-10,0.835997114243885
101,85863.7026811401,3.19368472062667,14101.4264369694,31.6771971690388,0.615382095617933,49.3006959960253,759501.465669454,2020-04-11,0.831687470856864
102,85771.2250101542,3.13966438168993,14193.9068917602,31.7284337029872,0.609100492524799,49.5634711335111,765624.327086832,2020-04-12,0.82723284926208
103,85679.4533108745,3.08515947139533,14285.6876903301,31.7738393232413,0.602659089704499,49.8203332287406,771683.570737749,2020-04-13,0.822627302452706
104,85588.3822644884,3.03018067768577,14376.7741399188,31.8134149143119,0.596054692288801,50.0712450192087,777677.582545884,2020-04-14,0.817864662345623
105,85498.0065901594,2.97473979870785,14467.1715075686,31.8471624724196,0.589284183463104,50.3161714767521,783604.716860868,2020-04-15,0.812938538357365
106,85408.3210445504,2.91884981713119,14556.8850204213,31.8750852104627,0.582344545658965,50.5550799966237,789463.297343079,2020-04-16,0.807842317254339
107,85319.320421339,2.86252497749936,14645.9198660132,31.897187669663,0.575232884003998,50.7879405971871,795251.618071532,2020-04-17,0.802569164503478
108,85230.999550728,2.80578086644316,14734.2811925668,31.9134758381281,0.567946452174495,51.0147261303554,800967.944898172,2020-04-18,0.797112027375412
109,85143.3532989473,2.74863449552058,14821.9741092799,31.9239572765466,0.560482680791267,51.2354125028157,806610.517073304,2020-04-19,0.79146364007961
110,85056.37656775,2.69110438637091,14909.0036866118,31.9286412512024,0.552839208490639,51.4499789079729,812177.549168256,2020-04-20,0.785616531239545
111,84970.0642939003,2.63321065778298,14995.3749565669,31.9275388744593,0.545013915789477,51.6584080684267,817667.233322644,2020-04-21,0.77956303404523
112,84884.4114486568,2.57497511417674,15081.0929129757,31.92066325282,0.537004961844647,51.860686488647,823077.74184469,2020-04-22,0.773295299450239
113,84799.4130372494,2.51642133488494,15166.1625117726,31.9080296426071,0.528810824182667,52.0568047173462,828407.230193945,2020-04-23,0.766805312809521
114,84715.0640983512,2.45757476349491,15250.5886712714,31.8896556132472,0.520430341443345,52.246757618854,833653.840376364,2020-04-24,0.76008491438241
115,84631.3597035472,2.39846279637046,15334.3762724378,31.8655612180567,0.511862759140964,52.4305446525764,838815.704781937,2020-04-25,0.753125824150928
116,84548.2949567987,2.33911486931989,15417.5301591592,31.8357691723364,0.503107778396967,52.6081701593729,843890.950494849,2020-04-26,0.74591967142559
117,84465.8649939079,2.27956254120944,15500.0551385118,31.8003050384702,0.494165607538169,52.7796436534077,848877.704105432,2020-04-27,0.738458029727703
118,84384.0649819829,2.21983957314193,15581.9559810257,31.7591974175977,0.485037016383168,52.9449801177204,853774.097051714,2020-04-28,0.730732457446982
119,84302.8901189045,2.159982001631,15663.2374209461,31.7124781472882,0.475723392956114,53.1042003014283,858578.271516246,2020-04-29,0.722734544773731
120,84222.3356327983,2.10002820400386,15743.9041564928,31.6601825044817,0.466226802270689,53.2573310161022,863288.386900759,2020-04-30,0.714455967393689
121,84142.3967815154,2.04001895406396,15823.9608501172,31.6023494127818,0.456550046717684,53.4044054284772,867902.626897121,2020-05-01,0.705888547407949
122,84063.0688521238,1.97999746584342,15903.4121287568,31.539021652989,0.446696727467145,53.5454633462435,872419.207167799,2020-05-02,0.697024321897338
123,83984.3471604143,1.92000942308087,15982.2625840865,31.4702460755438,0.436671306161301,53.6805514932459,876836.383642457,2020-05-03,0.687855619487113
124,83906.2270504253,1.86010299187869,16060.516772769,31.3960738133171,0.426479166028828,53.8097237699939,881152.461429381,2020-05-04,0.678375145180536
125,83828.7038939916,1.80032881382824,16138.1792167012,31.3165604929279,0.416126671395521,53.9330414949474,885365.80433118,2020-05-05,0.668576073617266
126,83751.7730903557,1.7407399763741,16215.2544032255,31.2317664420057,0.405621224345918,54.050573621076,889474.844953662,2020-05-06,0.658452150835999
127,83675.4300656668,1.68139195963533,16291.7467854806,31.1417568926583,0.394971317512802,54.1623969253933,893478.095315037,2020-05-07,0.647997804015158
128,83599.6702727399,1.62234255240062,16367.6607825341,31.0466021734021,0.384186580851933,54.2685961599296,897374.158028602,2020-05-08,0.637208259551433
129,83524.4891907099,1.56365173882407,16443.0007796593,30.9463778916856,0.373277821393945,54.3692641641179,901161.737868887,2020-05-09,0.626079668122419
130,83449.8823247738,1.50538155085238,16517.7711285736,30.8411651014293,0.362257053889803,54.4645019297546,904839.653704157,2020-05-10,0.614609236209489
131,83375.8452059864,1.44759588432349,16591.9761476763,30.7310504526818,0.351137520547636,54.5544186130714,908406.850682354,2020-05-11,0.602795362809062
132,83302.3733911187,1.39036027658342,16665.6201222846,30.6161263198122,0.339933697942134,54.6391314880195,911862.412551927,2020-05-12,0.59063777980305
133,83229.4624625824,1.33374164394633,16738.7073048689,30.4964909044966,0.328661289173951,54.7187658351524,915205.573979489,2020-05-13,0.578137694111702
134,83157.1080284243,1.27780797793909,16811.2419152879,30.3722483096538,0.317337199415651,54.7934547609739,918435.732707547,2020-05-14,0.565297929397237
135,83085.3057223966,1.22262800002736,16883.2281410227,30.2435085804435,0.305979493113287,54.8633389433033,921552.46137727,2020-05-15,0.552123064738564
136,83014.0512041046,1.168270775415,16954.6701374112,30.1103877084903,0.294607331328107,54.9285662991139,924555.518825083,2020-05-16,0.538619567371734
137,82943.3401592349,1.11480528753413,17025.5720278816,29.9730075956353,0.283240888008358,54.9892915724453,927444.860648181,2020-05-17,0.524795916306394
138,82873.1682998625,1.06229997598401,17095.9379041874,29.8314959737672,0.271901244380448,55.04567584134,930220.648823748,2020-05-18,0.510662713405597
139,82803.5313648386,1.01082224190573,17165.7718266415,29.6859862776446,0.260610261141054,55.0978859443247,932883.260161111,2020-05-19,0.496232778376465
140,82734.425120254,0.960437926064076,17235.0778243515,29.5366174681159,0.249390428711228,55.1460938286997,935433.293365599,2020-05-20,0.481521224083326
141,82665.8453599742,0.91121076620115,17303.8598954554,29.3835338037417,0.238264696467649,55.1904758247954,937871.574498708,2020-05-21,0.466545508682553
142,82597.7879062404,0.863201841477859,17372.1220073581,29.2268845595727,0.227256282576325,55.2312118523106,940199.160631878,2020-05-22,0.451325461305133
143,82530.2486103254,0.816469012968266,17439.8680969686,29.066823692672,0.216388466794624,55.2684845668523,942417.341511116,2020-05-23,0.435883278389607
144,82463.2233532367,0.771066370155654,17507.1020709379,28.9035094549214,0.205684369347324,55.302478456716,944527.639077059,2020-05-24,0.420243488298009
145,82396.708046453,0.727043694133529,17573.8278058978,28.7371039546796,0.195166719685145,55.3333789017463,946531.804719713,2020-05-25,0.404432882525683
146,82330.6986326806,0.684445948679285,17640.0491487003,28.567772669934,0.184857619561141,55.361371207665,948431.814188368,2020-05-26,0.388480412627967
147,82265.191086615,0.643312810490573,17705.7699166573,28.395683916692,0.17477830537172,55.3866396305185,950229.86012427,2020-05-27,0.37241705290821
148,82200.1814156914,0.60367824961459,17770.9938977811,28.221008277437,0.164948915068054,55.4093664067414,951928.342234999,2020-05-28,0.356275629908434
149,82135.6656607867,0.565570170551166,17835.7248510457,28.0439179965073,0.155388265214883,55.4297308057626,953529.855200052,2020-05-29,0.340090620735208
150,82071.6398969597,0.529010122740438,17899.9665065724,27.8645863446238,0.146113643186385,55.4479082163461,955037.174362623,2020-05-30,0.32389792349752
151,82008.1002340365,0.494013089385219,17963.7225659058,27.6831869679281,0.137140620517479,55.4640692898667,956453.239508336,2020-05-31,0.307734603539756
152,81945.0428171559,0.460587359685798,18026.9967022597,27.499893224224,0.128482891499255,55.4783791488703,957781.13688302,2020-06-01,0.291638620626345
153,81882.4638272496,0.428734488666928,18089.7925607457,27.3148775155927,0.120152141174025,55.4909966740944,959024.079726424,2020-06-02,0.275648542553496
154,81820.3594814157,0.398449346378944,18152.1137586099,27.1283106274663,0.112157946035376,55.5020738817031,960185.387654274,2020-06-03,0.259803251151464
155,81758.7260331927,0.369720255686768,18213.9638854685,26.9403610825443,0.104507709586079,55.511755398481,961268.465220227,2020-06-04,0.244141646943017
156,81697.5597727297,0.342529215574536,18275.3465035362,26.751194517932,0.0972066338667877,55.5201780404631,962276.780008793,2020-06-05,0.228702358701614
157,81636.8570268563,0.316852204650548,18336.265147845,26.5609730933761,0.0902577269585354,55.527470497796,963213.840614622,2020-06-06,0.213523463905184
158,81576.6141589647,0.292659556724436,18396.7233265361,26.3698549417562,0.0836618453695539,55.5337531289862,964083.174950072,2020-06-07,0.198642225609398
159,81516.827568926,0.26991640092622,18456.7245210137,26.1779936587264,0.0774177690859985,55.5391378547441,964888.309006021,2020-06-08,0.184094850618695
160,81457.4936928037,0.248583154048451,18516.2721861939,25.9855378475659,0.0715223063919655,55.5437281549852,965632.74661221,2020-06-09,0.169916272949943
161,81398.6090025018,0.228616054445444,18575.3697507251,25.792630717864,0.0659704245854272,55.5476191577211,966319.950353509,2020-06-10,0.156139965703702
162,81340.1700053267,0.209967725225673,18634.0206172051,25.5994097422794,0.0607554022760533,55.5508978122228,966953.323905071,2020-06-11,0.142797783427454
163,81282.1732434764,0.192587754547034,18692.2281623951,25.4060063731984,0.0558689985706539,55.5536431365832,967536.195978991,2020-06-12,0.129919836052496
164,81224.6152934668,0.17642328113518,18749.9957374314,25.2125458198994,0.0513016342977188,55.5559265289124,968071.806027112,2020-06-13,0.117534394515255
165,81167.4927655069,0.161419573824891,18807.3266680329,25.0191468856756,0.0470425804607392,55.5578121309241,968563.291796245,2020-06-14,0.105667827282317
166,81110.8023028345,0.147520594915007,18864.2242547065,24.8259218632983,0.0430801493207948,55.5593572325808,969013.678784788,2020-06-15,0.0943445662190983
167,81054.5405810253,0.134669538360658,18920.6917729492,24.6329764862681,0.0394018838649412,55.5606127067456,969425.871605552,2020-06-16,0.083587099598047
168,80998.7043072844,0.122809335229139,18976.732473447,24.4404099324902,0.0359947418862096,55.561623463355,969802.647219305,2020-06-17,0.0734159895464196
169,80943.2902197305,0.111883120344585,19032.3495822719,24.2483148763644,0.0328452714494463,55.5624289134528,970146.649968504,2020-06-18,0.0638499108895871
170,80888.2950866834,0.101834655572607,19087.5463010754,24.0567775847778,0.029939775111086,55.5630634344065,970460.388311468,2020-06-19,0.0549057081484481
171,80833.7157059605,0.0926087066878256,19142.3258072798,23.8658780521554,0.0272644608690113,55.5635568287504,970746.233133874,2020-06-20,0.0465984673870857
172,80779.5489041901,0.0841513721731496,19196.6912542674,23.6756901695251,0.0248055784136098,55.5639347702649,971006.41749723,2020-06-21,0.0389415996623752
173,80725.7915361464,0.0764103635793667,19250.6457715667,23.4862819224992,0.0225495398106243,55.5642192320854,971243.037672564,2020-06-22,0.0319469329807908
174,80672.4404841107,0.0693352381983236,19304.1924650373,23.2977156131349,0.0204830242534426,55.5644288927759,971458.055301415,2020-06-23,0.0256248098975503
175,80619.4926572609,0.0628775857551615,19357.3344170518,23.1100481008056,0.0185930669655261,55.5645795173793,971653.300524891,2020-06-24,0.0199841881780249
176,80566.9449910939,0.0569911715973072,19410.0746866763,22.9233310574631,0.0168671327061829,55.5646843114414,971830.475924257,2020-06-25,0.0150327422607167
177,80514.7944468774,0.0516320394516195,19462.4163098493,22.7376112329874,0.0152931746328028,55.5647542468793,971991.16112265,2020-06-26,0.0107769635969115
178,80463.0380111373,0.0467585772447276,19514.3622995581,22.5529307266832,0.0138596795015075,55.5647983593137,972136.817906236,2020-06-27,0.00722225827893387
179,80411.6726951746,0.0423315497489947,19565.9156460135,22.3693272613832,0.012555700350383,55.5648240171197,972268.795733763,2020-06-28,0.00437304069419165
180,80360.6955346162,0.0383141019452288,19617.0793168241,22.1868344570248,0.0113708779114384,55.5648371629631,972388.337515548,2020-06-29,0.00223282224644289
181,80310.103588994,0.0346717370028536,19667.8562571673,22.0054821009797,0.01029545204688,55.5648425289888,972496.585555582,2020-06-30,0.00080429446219732
182,80259.8939413538,0.0313722726892218,19718.2493899599,21.8252964128344,0.00932026451046854,55.5648438271257,972594.587563575,2020-07-01,8.94060447716445e-05
183,80210.0636978905,0.0283857798523154,19768.2616160272,21.6463003016969,0.00843675430402261,55.5648439161758,972683.302656545,2020-07-02,8.94336492526282e-05
184,80160.6099876083,0.0256845063943288,19817.8958142701,21.4685136144807,0.00763694684053757,55.5648449474901,972763.607282004,2020-07-03,0.000805046328315445
185,80111.5299620042,0.0232427898850571,19867.1548418312,21.2919533739577,0.00691343804631719,55.5648484910839,972836.301006578,2020-07-04,0.00223636374267138
186,80062.8207947721,0.0210369616690443,19916.0415342598,21.1166340056776,0.00625937444152321,55.5648556440554,972902.112124663,2020-07-05,0.00438300834308725
187,80014.4796815262,0.0190452450122807,19964.5587056749,20.9425675531285,0.00566843013729333,55.5648671231332,972961.703051769,2020-07-06,0.00724415181629132
188,79966.5038395412,0.017247649523852,20012.7091489277,20.7697638807575,0.00513478158276864,55.5648833431059,973015.675475903,2020-07-07,0.0108185561479065
189,79918.8905075086,0.0156258637840998,20060.4956357622,20.5982308646815,0.00465308079080069,55.5649044827913,973064.575248242,2020-07-08,0.0151046096952492
190,79871.636945293,0.0141631477508492,20107.9209169877,20.4279745711126,0.00421842764933384,55.5649305400907,973108.897003133,2020-07-09,0.0201003586851799
191,79824.7404337424,0.0128442266251387,20154.9877226079,20.2589994225634,0.00382634194152808,55.5649613775559,973149.088492034,2020-07-10,0.0258035345576419
192,79778.1982744721,0.0116551867916263,20201.6987619882,20.0913083522939,0.00347273536945998,55.5649967597626,973185.554644862,2020-07-11,0.0322115775747824
193,79732.0077896496,0.0105833749932417,20248.0567240277,19.9249029472334,0.00315388402075358,55.5650363836592,973218.661353408,2020-07-12,0.0393216571005901
194,79686.166321814,0.00961730155064424,20294.0642773041,19.7597835798393,0.00286640160204011,55.5650799029422,973248.73897918,2020-07-13,0.0471306889350003
195,79640.6712336944,0.00874654794574056,20339.7240702275,19.5959495294486,0.00260721360643405,55.5651269473816,973276.08559967,2020-07-14,0.0556353500648662
196,79595.5199080342,0.00796167918033738,20385.0387311925,19.4333990936499,0.00237353259813509,55.5651771379132,973300.970001757,2020-07-15,0.0648320911658116
197,79550.7097474184,0.00725416113148903,20430.0108687296,19.2721296902479,0.00216283473192462,55.5652300982077,973323.634434045,2020-07-16,0.0747171471607101
198,79506.2381741102,0.00661628301350352,20474.6430716556,19.1121379504006,0.00197283758405764,55.5652854633348,973344.297130901,2020-07-17,0.0852865461115538
199,79462.1026298887,0.00604108496410766,20518.9379092222,18.9534198035158,0.00180147933653677,55.5653428860504,973363.154621516,2020-07-18,0.0965361166929115
200,79418.3005758903,0.00552229069705429,20562.8979312639,18.7959705544807,0.00164689932834604,55.5654020411607,973380.383837668,2020-07-19,0.108461494467634
201,79374.8294924554,0.00505424510357331,20606.5256683449,18.6397849537896,0.00150741996425062,55.5654626283459,973396.14403377,2020-07-20,0.121058127159411
202,79331.6868789768,0.00463185663864299,20649.823631905,18.4848572611128,0.00138152995357806,55.5655243737678,973410.578532693,2020-07-21,0.134321279092482
203,79288.870253749,0.00425054429328984,20692.7943144032,18.3311813028293,0.00126786883735818,55.5655870307308,973423.816310442,2020-07-22,0.148246034946453
204,79246.377153824,0.00390618892932726,20735.4401894623,18.1787505240175,0.00116521275171534,55.5656503796206,973435.973432341,2020-07-23,0.162827302953868
205,79204.2051348649,0.00359508873656096,20777.7637120105,18.027558035375,0.001072461367944,55.5657142273051,973447.154352764,2020-07-24,0.178059817649846
206,79162.3517710024,0.00331391856311343,20819.7673184229,17.8775966555058,0.000988625944749164,55.5657784061483,973457.453089897,2020-07-25,0.193938142266816
207,79120.814654696,0.00305969286589083,20861.4534266616,17.7288589489882,0.000912818425268871,55.5658427727596,973466.954286287,2020-07-26,0.210456670852892
208,79079.5913965917,0.00282973202921908,20902.8244364152,17.5813372606052,0.000844241510319863,55.5659072065739,973475.7341653,2020-07-27,0.227609630179788
209,79038.6796253849,0.00262163180434223,20943.8827292365,17.435023746094,0.000782179639483623,55.5659716083431,973483.861392906,2020-07-28,0.245391081495096
210,78998.0769876843,0.00243323562996694,20984.6306686798,17.2899103997403,0.000725990812884678,55.5660358985958,973491.397853526,2020-07-29,0.26379492216421
211,78957.7811478737,0.00226260960363922,21025.0706004369,17.1459890791208,0.000675099188557086,55.5661000161145,973498.399348029,2020-07-30,0.282814887238887
212,78917.7897879804,0.00210801988485193,21065.204852472,17.0032515272705,0.000628988392941136,55.5661639164637,973504.916221317,2020-07-31,0.3024445509825
213,78878.1006075392,0.00196791232290502,21105.0357351554,16.8616893925262,0.000587195485117656,55.5662275705946,973510.993926327,2020-08-01,0.32267732837593
214,78838.7113234615,0.00184089411526314,21144.5655413974,16.7212942462799,0.000549305518740588,55.5662909635464,973516.673530711,2020-08-02,0.343506476623097
215,78799.6196699042,0.00172571731514784,21183.7965467792,16.5820575988508,0.000514946649138505,55.5663540932547,973521.992171893,2020-08-03,0.364925096670799
216,78760.8233981375,0.00162126402009832,21222.7310096842,16.4439709136676,0.000483785736637763,55.5664169694781,973526.983465728,2020-08-04,0.386926134753976
217,78722.3202764182,0.00152653308603261,21261.3711714283,16.3070256199354,0.000455524400739953,55.566479612844,973531.677873477,2020-08-05,0.409502383974601
218,78684.1080898588,0.0014406282237845,21299.7192563886,16.1712131239433,0.000429895483304063,55.5665420540204,973536.103031399,2020-08-06,0.43264648591981
219,78646.1846403017,0.00136274734706757,21337.7774721312,16.0365248191565,0.000406659882297002,55.5666043330094,973540.284046859,2020-08-07,0.456350932322961
220,78608.5477461926,0.00129217305224898,21375.5480095387,15.9029520952207,0.000385603720963546,55.566666498567,973544.243764482,2020-08-08,0.480608066769514
221,78571.1952424532,0.00122826412115323,21413.0330429359,15.7704863459947,0.000366535820392338,55.5667286077433,973548.003005535,2020-08-09,0.505410086448213
222,78534.1249803597,0.00117044794833512,21450.234730215,15.6391189767174,0.000349285446423625,55.5667907255461,973551.580783425,2020-08-10,0.530749043946925
223,78497.3348274149,0.00111821380385583,21487.1552129601,15.5088414104031,0.000333700304637935,55.5668529247237,973554.994497942,2020-08-11,0.556616849091348
224,78460.8226672292,0.00107110685157733,21523.7966165698,15.3796450935506,0.000319644759790707,55.5669152856672,973558.26011057,2020-08-12,0.583005270824063
225,78424.5863993953,0.00102872285137978,21560.16105038,15.2515215012441,0.000306998258516536,55.5669778964358,973561.392303044,2020-08-13,0.609905939120453
226,78388.6239393692,0.000990703481537699,21596.2506077851,15.1244621417149,0.000295653936427738,55.5670408528992,973564.404621062,2020-08-14,0.637310346937435
227,78352.9332183482,0.000956732224804541,21632.0673663584,14.9984585604287,0.000285517392885669,55.5671042590099,973567.309604915,2020-08-15,0.665209852190068
228,78317.5121831529,0.000926530768598811,21667.6133879719,14.8735023437538,0.000276505618741433,55.5671682271989,973570.11890865,2020-08-16,0.693595679750536
229,78282.3587961066,0.000899855876111902,21702.8907189146,14.7495851222657,0.000268546064241817,55.5672328789098,973572.843409216,2020-08-17,0.722458923463082
230,78247.4710349187,0.000876496691226772,21737.9013900102,14.626698573733,0.0002615758360909,55.5672983452744,973575.49330694,2020-08-18,0.751790548167748
231,78212.8468925667,0.000856272445910574,21772.6474167345,14.5048344258309,0.000255541014369506,55.567364767941,973578.078218588,2020-08-19,0.781581391724734
232,78178.4843771796,0.000839030544292059,21807.1307993305,14.3839844586234,0.000250396081658462,55.5674323000697,973580.607264148,2020-08-20,0.811822167030138
233,78144.3815119232,0.000824645003030149,21841.3535229243,14.2641405068506,0.000246103458313676,55.5675011075104,973583.089148455,2020-08-21,0.842503464012547
234,78110.5363348832,0.000813015232904472,21875.3175576387,14.1452944620601,0.000242633139423503,55.5675713701828,973585.532238675,2020-08-22,0.87361575159838
235,78076.9468989528,0.000804065151900732,21909.0248587067,14.0274382746145,0.000239962430565489,55.5676432836827,973587.944638644,2020-08-23,0.905149379632194
236,78043.6112717167,0.000797742625522815,21942.4773665842,13.9105639556117,0.000238075781105077,55.5677170611438,973590.334261063,2020-08-24,0.937094580735874
237,78010.5275353401,0.000794019235750743,21975.6770070612,13.7946635787483,0.000236964715470326,55.567792935387,973592.708898518,2020-08-25,0.969441472088199
238,77977.6937864538,0.000792890386106264,22008.6256913728,13.6797292821624,0.000236627864636209,55.5678711614015,973595.076294299,2020-08-26,1.00218005710303
239,77945.108136044,0.000794375756832351,22041.3253163092,13.5657532702878,0.000237071102000914,55.5679520192024,973597.444214069,2020-08-27,1.03530022698085
240,77912.7687093389,0.000798520131410046,22073.7777643243,13.452727815757,0.000238307789986135,55.5680358171237,973599.820519402,2020-08-28,1.06879176210375
241,77880.6736456985,0.000805394623726827,22105.9849036445,13.3406452613903,0.000240359146103453,55.5681228956151,973602.213244433,2020-08-29,1.10264433323869
242,77848.8210985026,0.000815098344413693,22137.9485883758,13.2294980223116,0.000243254739970241,55.5682136316219,973604.630676767,2020-08-30,1.1368475025073
243,77817.2092350401,0.000827760555468713,22169.6706586103,13.1192785882369,0.000247033135916158,55.5683084436434,973607.081444085,2020-08-31,1.17139072407281
244,77785.836236398,0.000843543374626432,22201.1529405318,13.009979525985,0.000251742699497151,55.5684077975846,973609.574607991,2020-09-01,1.20626334448495
245,77754.7002973504,0.000862645105430854,22232.3972465213,12.9015934822667,0.000257442590551748,55.5685122135337,973612.11976682,2020-09-02,1.24145460261242
246,77723.7996262476,0.000885304286130097,22263.4053752604,12.794113186818,0.000264203970543814,55.5686222736272,973614.727169432,2020-09-03,1.27695362907845
247,77693.1324449034,0.000911804570950062,22294.1791118349,12.6875314559503,0.000272111458020961,55.568738631193,973617.407842285,2020-09-04,1.31274944509797
248,77662.6969884847,0.000942480581778129,22324.7202278372,12.5818411966044,0.000281264873302333,55.5688620213992,973620.173732477,2020-09-05,1.3488309605943
249,77632.4915053949,0.000977724897724296,22355.030481468,12.4770354110087,0.000291781322268029,55.5689932736821,973623.037869882,2020-09-06,1.38518697144791
250,77602.514257164,0.00101799638556981,22385.1116176367,12.3731072020595,0.000303797679696268,55.5691333262787,973626.014552062,2020-09-07,1.42180615569915
251,77572.7635183273,0.00106383011717476,22414.965368062,12.2700497795632,0.000317473545399754,55.5692832432577,973629.119556324,2020-09-08,1.45867706848852
252,77543.2375763122,0.00111584917224397,22444.5934513703,12.1678564675046,0.000332994761968008,55.5694442345185,973632.370384049,2020-09-09,1.49578813547244
253,77513.9347313133,0.00117477868861387,22473.9975731945,12.0665207125396,0.000350577601870928,55.5696176793286,973635.786543463,2020-09-10,1.53312764439436
254,77484.8532961709,0.00124146260011527,22503.1794262715,11.9660360939458,0.000370473754812605,55.5698051540835,973639.38987815,2020-09-11,1.5706837344217
255,77455.991596242,0.00131688359744391,22532.1406905382,11.8663963353124,0.000392976274539171,55.5700084651212,973643.2049501,2020-09-12,1.60844438277145
256,77427.3479692659,0.00140218696451535,22560.8830332276,11.7675953183085,0.000418426679029198,55.5702296875964,973647.259487814,2020-09-13,1.64639738804059
257,77398.9207652278,0.00149870908671877,22589.4081089633,11.6696270989355,0.000447223440669289,55.5704712116377,973651.584912143,2020-09-14,1.68453034952406
258,77370.7083462068,0.0016080116048535,22617.7175598538,11.5724859267548,0.000479832155565946,55.5707357972762,973656.216955161,2020-09-15,1.72283064163802
259,77342.7090862243,0.0017319224075204,22645.8130155847,11.476166267688,0.000516797745961073,55.5710266399596,973661.196390584,2020-09-16,1.76128538236141
260,77314.9213710724,0.0018725849256181,22673.6960935108,11.3806628311081,0.000558759129816882,55.5713474488716,973666.569898142,2020-09-17,1.7998813943526
261,77287.3435981325,0.00203251752825512,22701.3683987467,11.2859706021013,0.000606466890770893,55.5717025407726,973672.391089171,2020-09-18,1.83860515707999
262,77259.9741761775,0.00221468523603504,22728.8315242566,11.1920848799692,0.00066080460455156,55.5720969526957,973678.72172658,2020-09-19,1.87744274790693
263,77232.8115251464,0.00242258648567563,22756.0870509421,11.0990013242755,0.000722814630488648,55.5725365775947,973685.633179684,2020-09-20,1.91637976957312
264,77205.8540759014,0.00266035832490717,22783.1365477294,11.0067160100373,0.000793729366347455,55.5730283279942,973693.208163333,2020-09-21,1.9554012608915
265,77179.1002699464,0.00293290422079323,22809.9815716548,10.9152254940216,0.000875009200604085,55.5735803338685,973701.542821969,2020-09-22,1.99449158669596
266,77152.5485591072,0.00324604966855123,22836.6236679478,10.8245268945535,0.000968388690025032,55.574202182449,973710.749232928,2020-09-23,2.03363430209362
267,77126.1974051658,0.0036067320425249,22863.0643701135,10.7346179878037,0.00107593285641148,55.5749052094946,973720.958420362,2020-09-24,2.0728119848404
268,77100.0452794308,0.00402323270001405,22889.3052000119,10.6454973242117,0.00120010595251901,55.5757028538458,973732.323992345,2020-09-25,2.11200602810661
269,77074.0906622341,0.00450546131205613,22915.3476679344,10.5571643695638,0.00134385561559092,55.5766110899461,973745.026539878,2020-09-26,2.15119638394778
270,77048.3320423389,0.00506530485252306,22941.1932726789,10.469619676318,0.00151071603482042,55.5776489565835,973759.278969182,2020-09-27,2.19036124534296
271,77022.7679162314,0.00571705675149309,22966.8435016192,10.3828650921078,0.00170493463949047,55.5788392045757,973775.33297913,2020-09-28,2.22947665158124
272,76997.3967872781,0.00647794540996061,22992.299830762,10.2969040139833,0.00193162786193954,55.5802090914571,973793.486943371,2020-09-29,2.26851599801583
273,76972.217164677,0.00736878689777075,23017.5637248363,10.2117416992487,0.0021969731267571,55.5817913594984,973814.095533484,2020-09-30,2.30744942581581
274,76947.2275622381,0.0084147908025928,23042.6366373247,10.1273856459308,0.002508445339557,55.5836254391862,973837.581465629,2020-10-01,2.34624306253366
275,76922.426496867,0.00964655769894055,23067.5200105151,10.0438460595812,0.00287510880593064,55.5857589343488,973864.449884738,2020-10-02,2.38485807544974
276,76897.8124867157,0.0111013146522715,23092.2152755422,9.96113642696389,0.00330797762391234,55.5882494565796,973895.305998287,2020-10-03,2.42324949122752
277,76873.3840489151,0.0128244466584947,23116.7238524156,9.87927422220961,0.00382046063256799,55.5911668934442,973930.87672165,2020-10-04,2.46136472400264
278,76849.139696792,0.0148713956159714,23141.0471500348,9.79828177725445,0.00442891050712305,55.5945962151473,973972.03727593,2020-10-05,2.4991417404433
279,76825.077936441,0.0173100147342268,23165.1865661879,9.71818735602998,0.00515330059045458,55.5986409485799,974019.843894168,2020-10-06,2.53650677434283
280,76801.1972625034,0.0202234854688153,23189.1434875296,9.63902648122725,0.00601805747795876,55.6034274765834,974075.574049648,2020-10-07,2.57337148494285
281,76777.4961529648,0.023713925967579,23212.9192895352,9.56084357378653,0.0070530819643628,55.6091103539485,974140.775923121,2020-10-08,2.60962943300607
282,76753.9730627531,0.0279068439186074,23236.5153364239,9.48369397878778,0.00829499519305271,55.6158788696611,974217.329173713,2020-10-09,2.64515172804635
283,76730.6264158766,0.0329566109113639,23259.932981045,9.40764646724384,0.0097886497579348,55.6239651256443,974307.519462855,2020-10-10,2.67978168188743
284,76707.454595802,0.0390531565998221,23283.17356472,9.33278632129002,0.0115889454390311,55.6336539422417,974414.129581203,2020-10-11,2.71332829298871
285,76684.4559337466,0.0464300930438301,23306.2384170305,9.25921912982716,0.0137629834964777,55.6452949333317,974540.55040279,2020-10-12,2.7455583915086
286,76661.6286945429,0.0553744723945796,23329.1288555432,9.18707544142259,0.016392577757176,55.6593171076512,974690.91516201,2020-10-13,2.77618731110523
287,76638.971059762,0.0662383382018336,23351.8461854612,9.1165164385276,0.0195771087374662,55.6762463285874,974870.260588383,2020-10-14,2.80486804204086
288,76616.4811078726,0.0794521270029154,23374.3916991933,9.04774080713296,0.0234366496916023,55.6967258725662,975084.718035393,2020-10-15,2.83117899369067
289,76594.1567914197,0.0955397761693425,23396.766675833,8.98099297115485,0.0281151987268397,55.7215401221052,975341.736591702,2020-10-16,2.85461079781325
290,76571.9959115735,0.115135047027723,23418.9723805502,8.91657282925749,0.0337837046514431,55.7516410523511,975650.337821773,2020-10-17,2.87455307319248
291,76549.9960910232,0.138998018447876,23441.0100639022,8.85484705611111,0.0406423621076225,55.7881765412325,976021.39765726,2020-10-18,2.89028280793681
292,76528.1547471346,0.168029883515058,23462.8809610948,8.79626188701159,0.048921367173677,55.8325185676326,976467.944354398,2020-10-19,2.90095704092519
293,76506.4690686378,0.203283050792004,23484.5862912456,8.74135706566044,0.0588789815570086,55.8862879900541,977005.451662185,2020-10-20,2.90561382106104
294,76484.9360008467,0.245962143596933,23506.127256739,8.69078027063146,0.070795406983449,55.9513708216363,977652.093058659,2020-10-21,2.90318683749517
295,76463.552246383,0.297409985850235,23527.5050428036,8.64530082738439,0.0849607455045083,56.0299188958924,978428.90662327,2020-10-22,2.89254024989919
296,76442.3142901502,0.359071490928709,23548.7208174887,8.60582087011236,0.101655431268025,56.1243259899851,979359.803024614,2020-10-23,2.8725303679121
297,76421.2184580576,0.432428289674051,23569.7757322422,8.57338141055777,0.121122259476316,56.2371696663062,980471.336002226,2020-10-24,2.84209885397527
298,76400.2610175492,0.518898995816852,23590.670923296,8.54916015901209,0.143530793617366,56.371110519075,981792.15340796,2020-10-25,2.8003968953764
299,76379.4383230615,0.619705252236221,23611.4075139934,8.53445769290139,0.168937571838484,56.5287454800772,983352.067144305,2020-10-26,2.74693076229799
300,76358.7470004353,0.735712486420118,23631.9866180565,8.53066902170848,0.197248718865671,56.7124210489124,985180.730386824,2020-10-27,2.68170747841886
301,76338.1841519873,0.867265384832384,23652.4093435728,8.53923905507388,0.228194151762722,56.9240248337365,987305.990611878,2020-10-28,2.6053487066647
302,76317.7475517083,1.01404803857139,23672.6767972423,8.56160301077944,0.261322888369896,57.1647862594219,989752.0830194,2020-10-29,2.51913730895403
303,76297.4357932041,1.17500251285613,23692.7900882479,8.59911603507759,0.296025688059921,57.4351243592121,992537.910881949,2020-10-30,2.42496980979383
304,76277.2483565001,1.34833300906619,23712.75033109,8.65297940076025,0.331584529339488,57.7345771255053,995675.690268315,2020-10-31,2.32520988447806
305,76257.1855751163,1.53160546991711,23732.5586469089,8.72417250488704,0.367240504771368,58.0618315051833,999170.191615109,2020-11-01,2.22246622943145
306,76237.2485076285,1.7219295550965,23752.2161631544,8.8133996619102,0.402266074784963,58.4148500532977,1003018.69491995,2020-11-02,2.11934069671555
307,76217.4387398195,1.91619008378049,23771.7240118371,8.92105825958552,0.436026920469677,58.7910680652605,1007211.62662931,2020-11-03,2.01819900824093
308,76197.7581563131,2.11128587694179,23791.083326861,9.04723094883072,0.468022961631876,59.1876219857425,1011733.71685144,2020-11-04,1.92100466800185
309,76178.2087207961,2.30433775934376,23810.295241027,9.19170041741245,0.497905057117426,59.6015696013902,1016565.44512024,2020-11-05,1.8292339734896
310,76158.7922938971,2.49284078472558,23829.3608832066,9.35398211149599,0.525470303469903,60.030072614541,1021684.54169649,2020-11-06,1.74386719195382
311,76139.5105032915,2.67475205712327,23848.2813760113,9.53336863994084,0.550642594461916,60.4705268279699,1027067.36189304,2020-11-07,1.66543609064877
312,76120.3646672737,2.84851913426423,23867.0578340847,9.72897950712926,0.573445860503679,60.9206386407452,1032690.02354847,2020-11-08,1.59410329120092
313,76101.355764079,3.01306209676225,23885.6913630015,9.93981082258651,0.59397608861995,61.3784556063599,1038529.2665692,2020-11-09,1.52975189574093
314,76082.4844352043,3.16772497224284,23904.1830586701,10.1647811532645,0.612376076963705,61.8423628892609,1044563.04396042,2020-11-10,1.47207041866106
315,76063.7510107115,3.31221093910514,23922.53400711,10.4027712394307,0.628814838616667,62.3110577216606,1050770.88276537,2020-11-11,1.4206248973902
316,76045.1555463841,3.44651253794005,23940.7452844781,10.6526565999989,0.643472081415783,62.7835120578388,1057134.0645113,2020-11-12,1.3749153684136
317,76026.6978652644,3.57084449402848,23958.817957244,10.9133329976641,0.65652731722183,63.2589309394958,1063635.67418857,2020-11-13,1.33441723771489
318,76008.377598663,3.68558356891179,23976.7530824413,11.1837353270816,0.668152767589327,63.7367114958641,1070260.56005779,2020-11-14,1.29860974500116
319,75990.1942238051,3.7912174527284,23994.5517079448,11.4628507977427,0.678509158546746,64.2164054106926,1076995.23768823,2020-11-15,1.26699425331789
320,75972.1470967702,3.88830309415801,24012.2148727464,11.7497273896306,0.687743587058415,64.6976861877003,1083827.76291917,2020-11-16,1.23910498358749
321,75954.2354803471,3.97743390265604,24029.7436072122,12.0434785384518,0.695988795576109,65.1803215708106,1090747.5910069,2020-11-17,1.21451441082791
322,75936.4585670018,4.05921476930003,24047.1389333139,12.3432849154045,0.703363351873414,65.6641509029094,1097745.43339685,2020-11-18,1.19283505895063
323,75918.815497447,4.13424367590227,24064.401864834,12.6483940434924,0.709972372310138,66.149066913942,1104813.11925934,2020-11-19,1.17371898340159
324,75901.3053754218,4.20309867176241,24081.5334075437,12.9581183630379,0.715908539031685,66.6350013151508,1111943.46589488,2020-11-20,1.15685585928723
325,75883.9272792973,4.26632910610026,24098.5345593597,13.2718322372615,0.721253245827978,67.1219135676988,1119130.16006298,2020-11-21,1.14197030505159
326,75866.6802710847,4.32445015552531,24115.4063104789,13.5889682813244,0.726077767754864,67.6097822413831,1126367.65095519,2020-11-22,1.12881885968338
327,75849.5634033488,4.37793984633158,24132.1496434979,13.9090133073946,0.730444391397914,68.0985984515133,1133651.05470639,2020-11-23,1.11718688056348
328,75832.5757244558,4.4272379227563,24148.7655335179,14.2315041038327,0.734407470675767,68.5883609410223,1140976.06985656,2020-11-24,1.10688552486441
329,75815.7162825083,4.47274604609348,24165.254948239,14.5560232069981,0.738014391300485,69.0790724505723,1148338.90292231,2020-11-25,1.09774890732745
330,75798.9841282558,4.5148289229317,24181.6188480443,14.8821947773797,0.741306438461548,69.5707370871113,1155736.2031303,2020-11-26,1.08963148132949
331,75782.3783172127,4.55381605415609,24197.8581860779,15.2096806556345,0.744319569186774,70.0633584593378,1163165.00534786,2020-11-27,1.08240566094694
332,75765.8979111659,4.59000387163512,24213.9739083163,15.5381766466743,0.7470850947177,70.5569383968915,1170622.68028194,2020-11-28,1.07595968382387
333,75749.5419792167,4.62365808921447,24229.9669536351,15.8674090594234,0.749630280193956,71.0514761095469,1178106.8910821,2020-11-29,1.07019570424554
334,75733.3095984716,4.65501614135255,24245.8382538726,16.1971315148001,0.751978869696199,71.5469676745202,1185615.55556056,2020-11-30,1.06502810027717
335,75717.1998544684,4.68428961885631,24261.5887338895,16.527122023639,0.754151544730454,72.0434057653171,1193146.81332346,2020-12-01,1.06038197636656
336,75701.2118414061,4.71166663880893,24277.2193116268,16.8571803286766,0.756166323860029,72.5407795555773,1200698.99718688,2020-12-02,1.05619184224001
337,75685.3446622326,4.73731410669559,24292.7308981614,17.1871254996041,0.758038910602859,73.0390747470888,1208270.60832485,2020-12-03,1.05240044946112
338,75669.5974286287,4.76137984438177,24308.1243977603,17.5167937669152,0.759782996035068,73.5382736834123,1215860.29466529,2020-12-04,1.04895776817099
339,75653.9692609194,4.78399456915999,24323.4007079334,17.8460365783829,0.761410521849279,74.0383555200885,1223466.83210971,2020-12-05,1.04582008796669
340,75638.4592879364,4.80527371749095,24338.5607194854,18.1747188610986,0.762931908950703,74.5392964297793,1231089.10820757,2020-12-06,1.04294922841005
341,75623.0666468469,4.82531911332522,24353.6053165687,18.5027174715019,0.764356256080013,75.0410698262761,1238726.10796041,2020-12-07,1.04031184607295
342,75607.7904829682,4.84422048380996,24368.5353767308,18.8299198176961,0.765691512282758,75.5436465960342,1246376.90148602,2020-12-08,1.03787882694645
343,75592.6299495761,4.86205682990966,24383.3517709574,19.1562226369051,0.76694462671288,76.0469953289822,1254040.63329148,2020-12-09,1.03562475363162
344,75577.5842076954,4.87889766140149,24398.0553637324,19.4815309109077,0.768121678840702,76.5510825419456,1261716.51292867,2020-12-10,1.03352743781277
345,75562.6524259071,4.8948041028195,24412.6470130816,19.8057569088873,0.769227991396582,77.0558728920611,1269403.80687934,2020-12-11,1.0315675111515
346,75547.8337801558,4.90982988220556,24427.1275706206,20.128819341885,0.770268228473614,77.5613293770724,1277101.83148904,2020-12-12,1.02972806679146
347,75533.1274535687,4.92402221206179,24441.4978816021,20.450642617307,0.771246480695638,78.0674135212654,1284809.94681589,2020-12-13,1.02799434549023
348,75518.5326362824,4.93742257219768,24455.7587849628,20.7711561824058,0.772166339145984,78.5740855464435,1292527.55127364,2020-12-14,1.02635346093964
349,75504.0485252797,4.95006740376906,24469.9111133702,21.0902939466885,0.773030959530559,79.0813045278907,1300254.07696415,2020-12-15,1.0247941594896
350,75489.6743242345,4.96198872329176,24483.9556932685,21.4079937741957,0.773843117856173,79.5890285356671,1307988.98560809,2020-12-16,1.02330661006485
351,75475.4092433729,4.9732146648283,24497.8933449252,21.7241970375103,0.774605258737668,80.0972147618454,1315731.76499479,2020-12-17,1.02188222057062
352,75461.25249934,4.98376995792805,24511.7248824759,22.0388482262145,0.775319537302077,80.6058196344648,1323481.92588246,2020-12-18,1.02051347752726
353,75447.2033150784,4.99367634827545,24525.4511139701,22.3518946032939,0.775987855531669,81.1147989190859,1331238.999289,2020-12-19,1.01919380606694
354,75433.2609197133,5.00295296738622,24539.072841416,22.6632859037042,0.776611893777957,81.6241078088756,1339002.53412161,2020-12-20,1.0179174477698
355,75419.424548448,5.01161665709887,24552.5908608255,22.9729740699681,0.77719313808316,82.1337010041649,1346772.09510005,2020-12-21,1.01667935412162
356,75405.6934424683,5.01968225404797,24566.0059622577,23.2809130202534,0.777732903862576,82.6435327824073,1354547.26093465,2020-12-22,1.01547509364271
357,75392.0668488521,5.02716283878052,24579.3189298641,23.5870584449145,0.778232356428898,83.1535570594333,1362327.62272484,2020-12-23,1.01430077097443
358,75378.544020487,5.03406995368974,24592.5305419313,23.89136762795,0.778692528776616,83.6637274428517,1370112.78254905,2020-12-24,1.01315295641786
359,75365.1242159912,5.04041379349323,24605.6415709254,24.1937992902531,0.779114336989769,84.1739972783941,1377902.35222025,2020-12-25,1.01202862460273
360,75351.8066996425,5.04620337157331,24618.6527835345,24.4943134519079,0.779498593588624,84.684319689944,1385695.95218504,2020-12-26,1.01092510112723
361,75338.5907413122,5.0514466651264,24631.564940712,24.7928713111189,0.779846019089281,85.1946476139315,1393493.21054712,2020-12-27,1.00984001615134
362,75325.4756164018,5.05615074173227,24644.3787977188,25.0894351376574,0.780157252014058,85.7049338287194,1401293.76219838,2020-12-28,1.00877126405255
363,75312.4606057851,5.06032186965194,24657.0951041662,25.3839681789708,0.780432857559007,86.2151309795475,1409097.24804323,2020-12-29,1.00771696836355
364,75299.5449957518,5.06396561389199,24669.7146040574,25.6764345773332,0.78067333509757,86.72519159955,1416903.31430373,2020-12-30,1.00667545130859
365,75286.7280779546,5.06708691983093,24682.2380358295,25.9667992966192,0.780879124675515,87.235068127308,1424711.61189454,2020-12-31,1.0056452073413
366,75274.0091493624,5.06969018598675,24694.6661323948,26.2550280574618,0.78105061263164,87.744712921355,1432521.79585834,2021-01-01,1.00462488016196
367,75261.3875122113,5.07177932731355,24706.999621182,26.5410872797143,0.781188136460692,88.2540782720053,1440333.52485362,2021-01-02,1.00361324275837
368,75248.8624739607,5.0733578302439,24719.2392241774,26.8249440312745,0.781291989019346,88.7631164108385,1448146.46068778,2021-01-03,1.00260918007242
369,75236.433347252,5.0744288005436,24731.3856579651,27.10656598245,0.781362422162504,89.2717795181347,1455960.26788925,2021-01-04,1.00161167394568
370,75224.0994498631,5.07499500491175,24743.4396337674,27.3859213651504,0.781399649885393,89.7800197285227,1463774.61331361,2021-01-05,1.00061979004167
371,75211.8601046723,5.07505890714189,24755.4018574848,27.6629789362846,0.781403851036735,90.2877891350721,1471589.16577879,2021-01-06,0.999632666481619
372,75199.7146396199,5.07462269955642,24767.2730297362,27.9377079448238,0.781375171659388,90.795039792034,1479403.59572564,2021-01-07,0.998649503964752
373,75187.6623876701,5.0736883303357,24779.0538458977,28.2100781020592,0.781313727007189,91.3017237164117,1487217.57490011,2021-01-08,0.997669557173839
374,75175.7026867753,5.07225752728347,24790.7449961423,28.4800595546475,0.781219603280079,91.8077928885184,1495030.77605428,2021-01-09,0.996692127292956
375,75163.8348798427,5.07033181850028,24802.3471654787,28.7476228600904,0.781092859113827,92.313199251662,1502842.87266342,2021-01-10,0.995716555487091
376,75152.0583146957,5.06791255037542,24813.86103379,29.0127389643394,0.780933526855691,92.817894711081,1510653.53865687,2021-01-11,0.994742217212943
377,75140.3723440443,5.06500090325442,24825.2872758718,29.2753791812618,0.780741613653043,93.3218311322338,1518462.44816075,2021-01-12,0.99376851724783
378,75128.7763254509,5.06159790509237,24836.6265614706,29.5355151737336,0.780517102378249,93.824960338541,1526269.27525068,2021-01-13,0.992794885338242
379,75117.2696212986,5.05770444336263,24847.8795553217,29.793118936162,0.780259952409891,94.3272341086572,1534073.69371302,2021-01-14,0.991820772382967
380,75105.851598759,5.0533212754549,24859.0469171867,30.0481627782614,0.779970100287612,94.8286041733481,1541875.3768133,2021-01-15,0.990845647076885
381,75094.5216297619,5.04844903776586,24870.1293018904,30.3006193099342,0.779647460255469,95.3290222120322,1549673.99707067,2021-01-16,0.989868992951489
382,75083.2790909609,5.04308825365853,24881.1273593588,30.5504614271246,0.779291924706602,95.8284398490427,1557469.22603713,2021-01-17,0.988890305756603
383,75072.123363707,5.03723934044325,24892.0417346546,30.797662298533,0.778903364540239,96.3268086496579,1565260.73408098,2021-01-18,0.987909091135414
384,75061.053834017,5.03090261551284,24902.8730680148,31.0421953530936,0.778481629440486,96.8240801159401,1573048.19017325,2021-01-19,0.98692486255107
385,75050.0698925435,5.02407830174702,24913.6219948867,31.2840342681294,0.77802654808504,97.3202056824207,1580831.26167665,2021-01-20,0.985937139428824
386,75039.1709345458,5.01676653228578,24924.2891459634,31.5231529581129,0.777537928290793,97.8151367116615,1588609.61413629,2021-01-21,0.98494544548254
387,75028.3563598611,5.00896735475829,24934.87514722,31.7595255639664,0.777015557102308,98.3088244897224,1596382.91107157,2021-01-22,0.983949307198351
388,75017.6255728734,5.00068073504258,24945.3806199491,31.9931264428507,0.776459200828279,98.8012202215585,1604150.8137686,2021-01-23,0.982948252452031
389,75006.9779824857,4.99190656062123,24955.8061807958,32.2239301583909,0.775868605030355,99.2922750263677,1611912.9810729,2021-01-24,0.981941809239649
390,74996.4130020927,4.98264464358987,24966.1524417929,32.4519114713012,0.77524349446807,99.7819399329108,1619669.06918163,2021-01-25,0.980929504503767
391,74985.9300495511,4.97289472336807,24976.4200103954,32.6770453303717,0.774583573003049,100.270165874818,1627418.73143513,2021-01-26,0.979910863039665
392,74975.5285471518,4.96265646915555,24986.6094895151,32.8993068637878,0.773888523465212,100.756903685898,1635161.61810729,2021-01-27,0.978885406468183
393,74965.2079215917,4.95192948217169,24996.7214775549,33.1186713707548,0.773158007483278,101.242104095471,1642897.37619443,2021-01-28,0.977852652263335
394,74954.9676039465,4.94071329771115,25006.7565684425,33.3351143134062,0.772391665281495,101.725717723721,1650625.64920226,2021-01-29,0.976812112824445
395,74944.8070296399,4.92900738704489,25016.7153516646,33.5486113089767,0.77158911544425,102.207695077106,1658346.07693069,2021-01-30,0.97576329458361
396,74934.7256384192,4.91681115919197,25026.5984123,33.7591381222222,0.770749954649944,102.687986543808,1666058.29525613,2021-01-31,0.974705697140638
397,74924.7228743271,4.90412396258519,25036.4063310528,33.9666706580752,0.76987375737526,103.166542389256,1673761.93591096,2021-02-01,0.973638812418249
398,74914.7981856733,4.89094508665046,25046.1396842859,34.171184954521,0.768960075570812,103.643312751729,1681456.62625992,2021-02-02,0.972562123831226
399,74904.9510250076,4.87727376331845,25055.7990440532,34.3726571756895,0.768008438308944,104.118247638036,1689141.98907306,2021-02-03,0.971475105463924
400,74895.1808490937,4.86310916848454,25065.3849781323,34.5710636051502,0.767018351404357,104.591296919298,1696817.64229516,2021-02-04,0.970377221250964
401,74885.4871188801,4.84845042343244,25074.8980500572,34.7663806394075,0.765989297008083,105.062410326838,1704483.19881107,2021-02-05,0.969267924156527
402,74875.8692994731,4.83329659623476,25084.3388191496,34.9585847815912,0.764920733175256,105.531537448191,1712138.26620694,2021-02-06,0.968146655347946
403,74866.3268601107,4.81764670314362,25093.7078405516,35.1476526353376,0.763812093407022,105.998627723236,1719782.44652702,2021-02-07,0.96701284335982
404,74856.8592741357,4.80149970998306,25103.0056652561,35.3335608988607,0.762662786166903,106.463630440477,1727415.33602569,2021-02-08,0.965865903244852
405,74847.4660189679,4.78485453355459,25112.2328401397,35.5162863592115,0.761472194371826,106.926494733476,1735036.52491454,2021-02-09,0.964705235708077
406,74838.1465760778,4.76771004306676,25121.3899079925,35.6958058867269,0.760239674858045,107.387169577445,1742645.59710431,2021-02-10,0.96353022622123
407,74828.9004309589,4.75006506159923,25130.4774075495,35.8720964296683,0.758964557822115,107.845603786023,1750242.12994122,2021-02-11,0.96234024411413
408,74819.7270731021,4.73191836761166,25139.4958735214,36.0451350090533,0.757646146237105,108.301746008248,1757825.69393776,2021-02-12,0.961134641640094
409,74810.6259959655,4.71326869650767,25148.4458366248,36.2148987136829,0.756283715244189,108.755544725734,1765395.85249735,2021-02-13,0.959912753012399
410,74801.5966969505,4.69411474226399,25157.3278236126,36.3813646953701,0.754876511519821,109.206948250071,1772952.16163292,2021-02-14,0.958673893409035
411,74792.6386773736,4.67445515913524,25166.1423573035,36.5445101643723,0.753423752618666,109.655904720472,1780494.16967899,2021-02-15,0.957417357942782
412,74783.7514424392,4.65428856344474,25174.8899566129,36.704312385038,0.75192462629255,110.102362101681,1788021.41699702,2021-02-16,0.956142420593814
413,74774.9345012124,4.63361353547233,25183.5711365806,36.8607486716711,0.750378289785692,110.546268182155,1795533.43567395,2021-02-17,0.95484833310197
414,74766.1873665913,4.61242862145001,25192.1864084022,37.0137963846242,0.748783869106577,110.987570572557,1803029.74921342,2021-02-18,0.953534323815826
415,74757.5095552812,4.59073233567737,25200.7362794563,37.1634329266281,0.747140458276887,111.426216704569,1810509.87221974,2021-02-19,0.952199596495624
416,74748.9005877632,4.56852316276863,25209.2212533348,37.3096357393695,0.745447118558002,111.862153830053,1817973.31007412,2021-02-20,0.950843329067079
417,74740.3599882695,4.54579956004405,25217.6418298706,37.4523823003284,0.743702877655699,112.295329020596,1825419.55860312,2021-02-21,0.949464672323057
418,74731.887284754,4.522559960079,25225.9985051667,37.5916501198869,0.741906728903774,112.72568916745,1832848.10373905,2021-02-22,0.948062748570019
419,74723.4820088648,4.49880277342487,25234.2917716235,37.7274167387254,0.740057630427505,113.153180981915,1840258.42117205,2021-02-23,0.94663665021597
420,74715.1436959153,4.47452639151644,25242.5221179679,37.8596597255198,0.73815450428798,113.577750996187,1847649.97599375,2021-02-24,0.945185438296726
421,74706.871884855,4.44972918978175,25250.69002928,37.9883566749577,0.736196235608544,113.999345564706,1855022.22233229,2021-02-25,0.943708140937052
422,74698.6661182405,4.42440953097096,25258.7959870217,38.1134852060917,0.734181671684819,114.417910866053,1862374.60297846,2021-02-26,0.942203751743267
423,74690.5259422071,4.39856576872208,25266.8404690626,38.23502296105,0.732109621079981,114.83339290542,1869706.54900298,2021-02-27,0.940671228123712
424,74682.4509064358,4.37219625138234,25274.8239497088,38.3529476041239,0.72997885270726,115.245737517709,1877017.47936453,2021-02-28,0.939109489533373
425,74674.440564125,4.34529932610546,25282.7468997279,38.4672368212591,0.727788094901926,115.654890371306,1884306.80050865,2021-03-01,0.937517415639008
426,74666.4944719598,4.317873343246,25290.6097863775,38.5778683199721,0.725536034485365,116.060796972568,1891573.90595727,2021-03-02,0.935893844400805
427,74658.6121900798,4.28991666107384,25298.4130734299,38.6848198297217,0.723221315824224,116.463402671096,1898818.17588891,2021-03-03,0.93423757006665
428,74650.793282047,4.26142765083283,25306.1572211999,38.7880691027637,0.720842539888026,116.86265266583,1906038.97670936,2021-03-04,0.932547341074964
429,74643.0373148131,4.23240470216974,25313.8426865692,38.8875939155202,0.718398263309136,117.258492012051,1913235.66061305,2021-03-05,0.930821857861972
430,74635.3438586866,4.20284622896084,25321.4699230135,38.9833720704975,0.715886997449472,117.650865629329,1920407.56513501,2021-03-06,0.929059770569246
431,74627.7124872977,4.17275067556575,25329.039380627,39.0753813987903,0.713307207478924,118.039718310516,1927554.01269351,2021-03-07,0.927259676647254
432,74620.1427775646,4.14211652353964,25336.5515061484,39.1635997632091,0.710657311471131,118.424994731836,1934674.31012364,2021-03-08,0.925420118350684
433,74612.6343096539,4.11094229883732,25344.0067429853,39.2480050620748,0.707935679522919,118.806639464169,1941767.74820191,2021-03-09,0.923539580121208
434,74605.1866669473,4.07922657954454,25351.4055312397,39.3285752337254,0.705140632904541,119.184596985603,1948833.60116223,2021-03-10,0.921616485853593
435,74597.7994360024,4.04696800417431,25358.7483077321,39.4052882617823,0.702270443248696,119.558811695358,1955871.12620352,2021-03-11,0.919649196040851
436,74590.472206513,4.01416528056842,25366.0355060256,39.4781221812287,0.699323331787298,119.92922792917,1962879.56298952,2021-03-12,0.917636004794385
437,74583.2045712684,3.98081719544669,25373.2675564511,39.5470550853561,0.696297468645988,120.295789976252,1969858.13314118,2021-03-13,0.915575136735271
438,74575.9961261119,3.94692262464926,25380.4448861296,39.612065133638,0.69319097220757,120.658442097931,1976806.03972239,2021-03-14,0.91346474375294
439,74568.8464698975,3.91248054411989,25387.5679189972,39.6731305605934,0.69000190855683,121.017128548088,1983722.46671968,2021-03-15,0.911302901627879
440,74561.7552044438,3.87749004168107,25394.6370758276,39.7302296857111,0.686728291020579,121.371793595533,1990606.57851689,2021-03-16,0.909087606515282
441,74554.7219344894,3.84195032965479,25401.6527742554,39.7833409245034,0.683368079818343,121.72238154844,1997457.51936574,2021-03-17,0.906816771287136
442,74547.7462676412,3.80586075838557,25408.6154287991,39.8324428007711,0.679919181840737,122.068836780994,2004274.41285358,2021-03-18,0.904488221730663
443,74540.8278143254,3.76922083072598,25415.5254508835,39.8775139601581,0.676379450574474,122.411103762403,2011056.36136954,2021-03-19,0.902099692601913
444,74533.9661877354,3.73203021754742,25422.3832488622,39.9185331850884,0.672746686194913,122.749127088427,2017802.4455709,2021-03-20,0.899648823533998
445,74527.1610037758,3.69428877434265,25429.1892280389,39.955479411175,0.669018635849226,123.082851515613,2024511.7238512,2021-03-21,0.897133154800549
446,74520.4118810058,3.65599655898955,25435.9437906904,39.9883317452042,0.665192994155667,123.41222199841,2031183.23181229,2021-03-22,0.894550122936172
447,74513.7184405779,3.61715385074881,25442.6473360867,40.0170694847987,0.661267403946967,123.737183729347,2037815.98174255,2021-03-23,0.891897056217073
448,74507.0803061763,3.57776117057134,25449.3002605132,40.041672139874,0.657239457288629,124.057682182495,2044408.96210395,2021-03-24,0.88917117000675
449,74500.49710395,3.53781930279437,25455.9029572909,40.0621194560063,0.653106696805936,124.373663160415,2050961.13703069,2021-03-25,0.886369561973526
450,74493.968462444,3.49732931830784,25462.455816797,40.078391439839,0.648866617356631,124.685072844818,2057471.44584298,2021-03-26,0.883489207189033
451,74487.4940125273,3.45629259927528,25468.9592264855,40.090468386661,0.644516668089729,124.991857851178,2063938.80257925,2021-03-27,0.880526953119335
452,74481.0733873159,3.41471086549578,25475.4135709064,40.0983309102979,0.640054254934509,125.293965287535,2070362.09555124,2021-03-28,0.87747951452343
453,74474.7062220948,3.37258620249529,25481.8192317259,40.1019599754647,0.635476743567724,125.591342817757,2076740.18692623,2021-03-29,0.874343468277345
454,74468.3921542297,3.3299210914367,25488.1765877454,40.1013369327365,0.630781462911095,125.883938729512,2083071.91234154,2021-03-30,0.871115248145953
455,74462.1308230829,3.28671844093883,25494.4860149196,40.0964435562997,0.625965709215543,126.171702007249,2089356.080557,2021-03-31,0.867791139529379
456,74455.9218699185,3.24298162089406,25500.7478863761,40.087262084657,0.621026750793114,126.454582410446,2095591.4731513,2021-04-01,0.864367274215751
457,74449.764937805,3.19871449837291,25506.9625724326,40.0737752644631,0.615961833462253,126.732530557442,2101776.84426931,2021-04-02,0.860839625178089
458,74443.6596715125,3.15392147570141,25513.1304406146,40.0559663976785,0.610768186776909,127.005498015136,2107910.92042765,2021-04-03,0.857204001459677
459,74437.6057174043,3.10860753079278,25519.2518556734,40.0338193922339,0.605443031114834,127.273437394864,2113992.40038676,2021-04-04,0.853456043199676
460,74431.6027233229,3.06277825980936,25525.3271796016,40.0073188164037,0.599983585705414,127.536302454755,2120019.95509855,2021-04-05,0.849591216859057
461,74425.6503384709,3.01643992222254,25531.3567716506,39.9764499570936,0.594387077682174,127.794048208878,2125992.22773935,2021-04-06,0.845604810716276
462,74419.7482132841,2.96959948832816,25537.3409883461,39.9411988822521,0.588650752249853,128.046631043465,2131907.83383887,2021-04-07,0.841491930712362
463,74413.8959993006,2.92226468926169,25543.2801835031,39.9015525076164,0.582771884060338,128.294008840519,2137765.36151683,2021-04-08,0.837247496736634
464,74408.0933490213,2.8744440695413,25549.1747082418,39.8574986680099,0.576747789895713,128.536141109081,2143563.37183981,2021-04-09,0.832866239456824
465,74402.3399157639,2.82614704214648,25555.0249110009,39.8090261934024,0.570575842760091,128.772989124407,2149300.39931185,2021-04-10,0.82834269781121
466,74396.6353535117,2.77738394611605,25560.8311375524,39.7561249899486,0.564253487484377,129.00451607531,2154974.95251349,2021-04-11,0.823671217295537
467,74390.9793167525,2.72816610662013,25566.5937310146,39.6987861262091,0.557778257949598,129.230687219859,2160585.51490486,2021-04-12,0.818845949193754
468,74385.3714603126,2.67850589742647,25572.313031865,39.6370019247557,0.551147796034487,129.451470049601,2166130.54580955,2021-04-13,0.813860850919343
469,74379.811439182,2.62841680564136,25577.9893779525,39.5707660593477,0.544359872391372,129.666834462421,2171608.48159697,2021-04-14,0.808709687652719
470,74374.2989083335,2.5779134985585,25583.6231045094,39.5000736578521,0.537412409150623,129.876752944098,2177017.73708214,2021-04-15,0.803386035480209
471,74368.8335225338,2.52701189239531,25589.2145441618,39.4249214110588,0.530303504647645,130.081200758528,2182356.70716244,2021-04-16,0.797883286260948
472,74363.4149361475,2.47572922263466,25594.7640269413,39.3453076875154,0.523031460256999,130.280156146515,2187623.76871221,2021-04-17,0.792194654469671
473,74358.0428029351,2.42408411561958,25600.2718802938,39.2612326544764,0.515594809405288,130.473600532914,2192817.28275649,2021-04-18,0.786313186285409
474,74352.7167758437,2.37209666096986,25605.7384290891,39.1726984050172,0.507992348817325,130.661518741808,2197935.59694604,2021-04-19,0.780231771218181
475,74347.4365067928,2.31978848430091,25611.1639956304,39.0797090913207,0.500223172028105,130.843899219247,2202977.04835611,2021-04-20,0.773943156587312
476,74342.2016464539,2.26718281962764,25616.5488996613,38.9822710640825,0.492286705165674,131.02073426294,2207939.96663177,2021-04-21,0.767439965185406
477,74337.0118440266,2.21430458072842,25621.8934583738,38.8803930179203,0.484182744976376,131.192020258103,2212822.67750228,2021-04-22,0.760714716480469
478,74331.8667470106,2.16118043062703,25627.1979864156,38.77408614259,0.475911499023458,131.357757918477,2217623.50668662,2021-04-23,0.753759851724157
479,74326.7660009761,2.10783884822481,25632.4627958957,38.6633642797269,0.467473627942089,131.517952531316,2222340.78421151,2021-04-24,0.746567763345569
480,74321.7092493337,2.05431019098094,25637.6881963908,38.5482440847288,0.458870289577805,131.672614204899,2226972.84916151,2021-04-25,0.739130829015959
481,74316.6961331047,2.00062675239783,25642.8744949504,38.4287451932822,0.450103184770832,131.821758116868,2231518.05487896,2021-04-26,0.731441450768845
482,74311.7262906939,1.94682281292369,25648.0219961018,38.3048903919093,0.441174604475414,131.965404761417,2235974.77462883,2021-04-27,0.72349209955024
483,74306.7993576714,1.89293468273629,25653.1310018541,38.1767057917701,0.432087477821034,132.103580193065,2240341.40773965,2021-04-28,0.715275365553557
484,74301.9149665572,1.83900073472661,25658.2018117029,38.0442210048023,0.422845420631618,132.236316264429,2244616.38622804,2021-04-29,0.706784014660695
485,74297.072746619,1.78506142586044,25663.2347226335,37.907469321113,0.413452783820089,132.363650855112,2248798.18190812,2021-04-30,0.698011051263222
486,74292.2723236832,1.73115930496718,25668.2300291248,37.7664878863587,0.403914700970113,132.485628088493,2252885.31398151,2021-05-01,0.688949787672713
487,74287.5133199643,1.67733900489331,25673.1880231527,37.6213178776602,0.394237134306324,132.602298532893,2256876.35709588,2021-05-02,0.679593920245564
488,74282.7953539133,1.62364721687042,25678.1089941933,37.4720046764002,0.38442691814109,132.713719383303,2260769.94985123,2021-05-03,0.669937612242565
489,74278.1180400943,1.57013264463187,25682.9932292254,37.3185980357548,0.374491798727506,132.819954619193,2264564.80373002,2021-05-04,0.659975583364254
490,74273.4809890834,1.51684593722183,25687.8410127373,37.1611522421371,0.364440469583218,132.9210751357,2268259.71238177,2021-05-05,0.649703205490943
491,74268.8838074076,1.46383959644552,25692.6526267296,36.9997262664493,0.3542826007459,133.017158841217,2271853.56125685,2021-05-06,0.639116604532513
492,74264.3260975202,1.41116785798773,25697.4283507183,36.8343839035706,0.344028860811392,133.108290718024,2275345.33749287,2021-05-07,0.628212767559086
493,74259.8074578164,1.35888654451291,25702.1684617413,36.6651938978873,0.333690930427809,133.194562841799,2278734.13997186,2021-05-08,0.616989654313329
494,74255.3274826958,1.30705288857565,25706.8732343642,36.4922300514867,0.323281505742124,133.276074354691,2282019.1894672,2021-05-09,0.605446312105986
495,74250.8857626757,1.25572532418114,25711.5429406879,36.315571312261,0.312814290413299,133.352931387761,2285199.83876884,2021-05-10,0.593582992719461
496,74246.4818845585,1.20496324611364,25716.1778503566,36.135301838917,0.302303974824064,133.425246928736,2288275.58266586,2021-05-11,0.581401269712457
497,74242.1154316561,1.15482673668477,25720.7782305675,35.9515110398535,0.291766201218126,133.493140631478,2291246.06765167,2021-05-12,0.568904154259675
498,74237.7859840751,1.10537626018616,25725.3443460821,35.7642935828873,0.281217513640873,133.556738564196,2294111.10120549,2021-05-13,0.556096207413181
499,74233.4931190626,1.05667232605843,25729.8764592387,35.5737493729007,0.270675291774358,133.616172894239,2296870.66049319,2021-05-14,0.542983646448525
500,74229.2364114154,1.00877512259995,25734.3748299677,35.379983494644,0.260157668034311,133.671581508231,2299524.90032338,2021-05-15,0.529574442772506
501,74225.0154339511,0.961744123920673,25738.839715807,35.1831061181787,0.249683427638218,133.723107567449,2302074.1601892,2021-05-16,0.515878408735012
502,74220.8297580399,0.915637673775037,25743.2713719217,34.9832323647824,0.239271891755667,133.770898999568,2304518.97022593,2021-05-17,0.501907270619216
503,74216.6789541939,0.870512550857346,25747.6700511238,34.7804821315614,0.228942784308267,133.815107929265,2306860.05591762,2021-05-18,0.487674725096475
504,74212.5625927103,0.826423521078066,25752.0360038952,34.5749798735379,0.218716083484974,133.855890051616,2309098.34139421,2021-05-19,0.473196476536965
505,74208.4802443618,0.783422883222358,25756.3694784125,34.3668543425842,0.208611859564141,133.893403953703,2311234.95117365,2021-05-20,0.458490252773428
506,74204.4314811279,0.741560015180088,25760.6707205738,34.1562382832522,0.198650101166423,133.927810391293,2313271.21022241,2021-05-21,0.44357579722919
507,74200.415876958,0.700880928585918,25764.9399740273,33.9432680863041,0.188850532579887,133.959271528896,2315208.64223147,2021-05-22,0.428474835743028
508,74196.4330085562,0.661427840175652,25769.1774802023,33.7280834015455,0.179232425274824,133.987950152751,2317048.96603359,2021-05-23,0.413211016947068
509,74192.482456178,0.623238768411405,25773.3834783414,33.5108267123899,0.169814407134539,134.014008867389,2318794.09012122,2021-05-24,0.397809825667944
510,74188.5638044266,0.586347163920268,25777.5582055343,33.2916428754167,0.160614273243836,134.037609287274,2320446.10526122,2021-05-25,0.382298469507387
511,74184.6766430341,0.550781582103706,25781.7018967542,33.0706786296685,0.151648802343963,134.0589112363,2322007.27525325,2021-05-26,0.36670573946274
512,74180.8205676252,0.516565405148237,25785.8147848916,32.8480820777418,0.142933582760174,134.078071964449,2323480.02586328,2021-05-27,0.351061846361774
513,74176.9951804396,0.483716620994968,25789.8971007913,32.6240021480365,0.134482852267316,134.095245397926,2324866.93210767,2021-05-28,0.335398235280683
514,74173.2000909998,0.45224766458093,25793.9490732924,32.3985880432766,0.126309355497928,134.110581433236,2326170.70403631,2021-05-29,0.319747381109313
515,74169.4349167307,0.422165325438461,25797.9709292643,32.1719886795055,0.118424222078964,134.124225283562,2327394.17116329,2021-05-30,0.304142569007773
516,74165.6992835064,0.393470724734087,25801.9628936442,31.9443521245643,0.110836868579916,134.136316889307,2328540.26580527,2021-05-31,0.28861766381434
517,74161.9928261211,0.366159362715441,25805.9251894739,31.7158250424757,0.103554926424648,134.146990400274,2329612.00556752,2021-06-01,0.273206872935648
518,74158.3151886766,0.340221235873532,25809.8580379369,31.4865521506732,0.0965841972437439,134.1563737358,2330612.47524536,2021-06-02,0.257944507408967
519,74154.6660248884,0.315641021377678,25813.7616583933,31.2566756968059,0.0899286363504182,134.164588227277,2331544.80841961,2021-06-03,0.242864745843694
520,74151.044998301,0.29239832477595,25817.6362684134,31.026334960916,0.0835903642098872,134.171748345064,2332412.16901421,2021-06-04,0.22800140579632
521,74147.4517824121,0.270467984927702,25821.4820838122,30.7956657909943,0.0775697049844455,134.177961511927,2333217.7331433,2021-06-05,0.213387726817732
522,74143.8860607146,0.249820429668975,25825.2993186815,30.5648001742852,0.071865250450268,134.18332799929,2333964.671449,2021-06-06,0.199056168965968
523,74140.3475266591,0.230422074346817,25829.088185418,30.3338658486118,0.0664739470157066,134.187940902972,2334656.13216619,2021-06-07,0.185038229980898
524,74136.8358835338,0.212235753853021,25832.8488947524,30.1029859601091,0.0613912029506672,134.191886195742,2335295.22520265,2021-06-08,0.171364283677674
525,74133.3508442769,0.195221179400143,25836.5816557764,29.8722787675653,0.0566110125500014,134.195242848597,2335885.00736555,2021-06-09,0.158063441394403
526,74129.8921312267,0.179335410599941,25840.2866759674,29.6418573955562,0.0521260936882991,134.198083013866,2336428.46889949,2021-06-10,0.145163437596935
527,74126.4594758167,0.164533333674379,25843.9641612128,29.4118296370283,0.047928035093236,134.200472262072,2336928.52145185,2021-06-11,0.132690540027735
528,74123.0526182269,0.150768137067567,25847.6143158312,29.1822978050911,0.0440074496750562,134.202469863961,2337387.98754425,2021-06-12,0.120669484113737
529,74119.6713069976,0.137991776400381,25851.2373425933,28.953358632939,0.0403541303849781,134.20412910899,2337809.59159284,2021-06-13,0.109123430745086
530,74116.3152986178,0.126155421572602,25854.8334427408,28.7251032200738,0.0369572053175828,134.205497651639,2338195.95248601,2021-06-14,0.0980739460215369
531,74112.9843570941,0.115209879820326,25858.4028160039,28.4976170223485,0.0338052891002749,134.206617877253,2338549.57769695,2021-06-15,0.0875410011477182
532,74109.6782535092,0.10510598962807,25861.9456606186,28.2709798828075,0.0308866280035911,134.207527279633,2338872.85888071,2021-06-16,0.0775429903482526
533,74106.3967655773,0.095794981526026,25865.4621733415,28.0452660998723,0.0281892366361646,134.208258843301,2339168.06888193,2021-06-17,0.0680967644684094
534,74103.1396772032,0.0872288029282597,25868.952549465,27.8205445291155,0.0257010245354,134.20884142411,2339437.36006019,2021-06-18,0.0592176778202439
535,74099.9067780497,0.0793604052478984,25872.4169828305,27.5968787146633,0.0234099114095564,134.209300122764,2339682.76382549,2021-06-19,0.0509196458185291
536,74096.6978631195,0.0721439925285788,25875.8556658419,27.3743270461772,0.0213039302121678,134.209656646634,2339906.19126581,2021-06-20,0.043215211013097
537,74093.5127323535,0.0655352317331912,25879.2687894775,27.1529429373706,0.0193713176222649,134.209929656204,2340109.43474269,2021-06-21,0.0361156152505049
538,74090.3511902501,0.0594914256146689,25882.6565433022,26.932775022101,0.017600591854007,134.210135093245,2340294.17032816,2021-06-22,0.0296308758735864
539,74087.213045507,0.0539716497498879,25886.0191154789,26.7138673642402,0.0159806180209032,134.210286488631,2340461.96095733,2021-06-23,0.0237698640781915
540,74084.0981106872,0.048936855843896,25889.3566927793,26.4962596777401,0.0145006615297883,134.210395248435,2340614.26017423,2021-06-24,0.0185403837788556
541,74081.0062019083,0.0443499438104025,25892.6694605944,26.2799875535722,0.0131504301778609,134.210470917556,2340752.41635454,2021-06-25,0.0139492495772793
542,74077.9371385586,0.0401758054129275,25895.9576029454,26.0650826905093,0.0119201057743312,134.210521420656,2340877.67729611,2021-06-26,0.0100023626693315
543,74074.8907430369,0.0363813424196997,25899.2213024935,25.8515731270351,0.0108003662102269,134.210553280694,2340991.19507723,2021-06-27,0.0067047837594662
544,74071.8668405154,0.032935462297005,25902.4607405501,25.6394834719829,0.00978239896045655,134.210571815651,2341094.03109185,2021-06-28,0.00406080226980612
545,74068.8652587271,0.0298090544541706,25905.6760970864,25.4288351318268,0.00885790702686044,134.21058131439,2341187.16118125,2021-06-29,0.00207400133014251
546,74065.8858277736,0.0269749499730879,25908.8675507434,25.2196465328657,0.00801910832548817,134.210585192767,2341271.48079143,2021-06-30,0.000747318211992808
